id,title,price,price_raw,currency,description,location,district,date_posted,date_scraped,category,subcategory,url,phone_visible,phone
888973,Портероор ачаа ачна,,Үнэ тохирно,MNT,,"УБ — Сүхбаатар, Сүхбаатар, Хороо 1",Сүхбаатар,1 цагийн өмнө,2026-03-03T04:13:55+00:00,moving,,https://www.unegui.mn/adv/888973_porteroor-achaa-achna/,no,89033459
2480026,Портер ачаа ачна 24 цаг,20000,"20,000₮",MNT,,"УБ — Сүхбаатар, Сүхбаатар, Хороо 1",Сүхбаатар,Өчигдөр,2026-03-03T04:13:55+00:00,moving,,https://www.unegui.mn/adv/2480026_amjirgaa-achaa-achna-24tsag/,no,80330925
8524462,Дэлгэр нүүлгэлт,120000,"120,000₮",MNT,,"УБ — Сүхбаатар, Сүхбаатар, Хороо 1",Сүхбаатар,Өчигдөр,2026-03-03T04:13:55+00:00,moving,,https://www.unegui.mn/adv/8524462_nuulgelt/,no,95645264
7228424,Портер ачаа ачна,,Үнэ тохирно,MNT,,"УБ — Сүхбаатар, 11-р хороолол",Сүхбаатар,2 өдрийн өмнө,2026-03-03T04:13:55+00:00,moving,,https://www.unegui.mn/adv/7228424_porter-achaa-achna/,no,70703333
5326702,Амьжиргаа ачаа ачна,20000,"20,000₮",MNT,,"УБ — Сүхбаатар, Сүхбаатар, Хороо 1",Сүхбаатар,Өчигдөр,2026-03-03T04:13:55+00:00,moving,,https://www.unegui.mn/adv/5326702_amzhirgaa-achaa-achna/,no,88644108
3651388,Амьжиргаа ачаа ачна,,Үнэ тохирно,MNT,,"УБ — Сүхбаатар, Их тойруу",Сүхбаатар,3 өдрийн өмнө,2026-03-03T04:13:55+00:00,moving,,https://www.unegui.mn/adv/3651388_amzhirgaa-achaa-achina/,no,89031930
6922142,Нүүлгэлт,10,10₮,MNT,,"УБ — Сүхбаатар, Сүхбаатар, Хороо 1",Сүхбаатар,5 өдрийн өмнө,2026-03-03T04:13:55+00:00,moving,,https://www.unegui.mn/adv/6922142_turgen-shuurkhai-uilchilne/,no,94077334
2645174,Krantai mashinar ajil hiine,10000,"10,000₮",MNT,,"УБ — Сүхбаатар, Сүхбаатар, Хороо 1",Сүхбаатар,5 өдрийн өмнө,2026-03-03T04:13:55+00:00,moving,,https://www.unegui.mn/adv/2645174_krantai-mashinar-ajil-hiine/,no,99713077
9101408,Нүүлгэлтийн үйлчилгээ,350000,"350,000₮",MNT,,"УБ — Сүхбаатар, Сүхбаатар, Хороо 1",Сүхбаатар,1 долоо хоногийн өмнө,2026-03-03T04:13:55+00:00,moving,,https://www.unegui.mn/adv/9101408_nuulgeltiin-uilchilgee/,no,80005078
8077268,Ачаа тээвэр нүүлгэлт хүргэлт,100000,"100,000₮",MNT,,"УБ — Сүхбаатар, 100 айл",Сүхбаатар,2 долоо хоногийн өмнө,2026-03-03T04:13:55+00:00,moving,,https://www.unegui.mn/adv/8077268_porter-achaa-achna/,no,99172109
9913227,Porter ачаа ачна,50000,"50,000₮",MNT,,"УБ — Сүхбаатар, 11-р хороолол",Сүхбаатар,3 долоо хоногийн өмнө,2026-03-03T04:13:55+00:00,moving,,https://www.unegui.mn/adv/9913227_porter-achaa-achna/,no,98982598
4086111,Крантай машинаар үйлчилнэ,1,1₮,MNT,,"УБ — Сүхбаатар, Сүхбаатар, Хороо 1",Сүхбаатар,3 долоо хоногийн өмнө,2026-03-03T04:13:55+00:00,moving,,https://www.unegui.mn/adv/4086111_krantai-mashin-tureesluulekh-buiuu-khamtarch-azhillana/,no,94077334
8034433,Амжиргаа цагаан ачаа ачна,,Үнэ тохирно,MNT,,"УБ — Сүхбаатар, 11-р хороолол",Сүхбаатар,1 сарын өмнө,2026-03-03T04:13:55+00:00,moving,,https://www.unegui.mn/adv/8034433_amzhirgaa-tsagaan-achaa-achna/,no,70703333
6376864,Porter achaa achna,60000,"60,000₮",MNT,,"УБ — Сүхбаатар, 100 айл",Сүхбаатар,1 сарын өмнө,2026-03-03T04:13:55+00:00,moving,,https://www.unegui.mn/adv/6376864_porter-achaa-achna/,no,70703333
9300438,"Амжиргаа цагаан ачаа ачна, нүүлгэнэ.",40000,"40,000₮",MNT,,"УБ — Сүхбаатар, Сүхбаатар, Хороо 1",Сүхбаатар,1 цагийн өмнө,2026-03-03T04:13:55+00:00,moving,,https://www.unegui.mn/adv/9300438_achaa-achna-nuulgene-amzhirgaa/,no,99725808
2010426,Хино шланз машинаар хот хөдөөд тээвэр хийнэ,,Үнэ тохирно,MNT,,"УБ — Сүхбаатар, Сүхбаатар, Хороо 1",Сүхбаатар,Өчигдөр,2026-03-03T04:13:55+00:00,moving,,https://www.unegui.mn/adv/2010426_khino-shlanz-mashinaar-khot-khodood-teever-khiine/,no,99845652
4596322,Porter amjirgaa achaa achna,30000,"30,000₮",MNT,,"УБ — Сүхбаатар, Сүхбаатар, Хороо 1",Сүхбаатар,Өчигдөр,2026-03-03T04:13:55+00:00,moving,,https://www.unegui.mn/adv/4596322_qr-kodtoi-porter-amjirgaa-achaa-achna/,no,88228894
8454664,Amjirgaa achaa achinа,,Үнэ тохирно,MNT,,"УБ — Сүхбаатар, 100 айл",Сүхбаатар,Өчигдөр,2026-03-03T04:13:55+00:00,moving,,https://www.unegui.mn/adv/8454664_amjirgaa-achaa-achin/,no,88014299
9113352,Хог ачна,40000,"40,000₮",MNT,,"УБ — Сүхбаатар, Сүхбаатар, Хороо 1",Сүхбаатар,Өчигдөр,2026-03-03T04:13:55+00:00,moving,,https://www.unegui.mn/adv/9113352_khog-achna/,no,99725808
289480,3-7 тонны крантай машинаар ажил хийнэ,10000,"10,000₮",MNT,,"УБ — Сүхбаатар, Сүхбаатар, Хороо 1",Сүхбаатар,1 өдрийн өмнө,2026-03-03T04:13:55+00:00,moving,,https://www.unegui.mn/adv/289480_krantai-mashinaar-ajil-hiine-99047381/,no,99047381
8002824,Крантай машин тээвэр хийнэ,250000,"250,000₮",MNT,,"УБ — Сүхбаатар, Сүхбаатар, Хороо 1",Сүхбаатар,1 өдрийн өмнө,2026-03-03T04:13:55+00:00,moving,,https://www.unegui.mn/adv/8002824_krantai-mashin-teever-khiine/,no,98885585
5051760,Амьжиргаа ачаа ачина,,Үнэ тохирно,MNT,,"УБ — Сүхбаатар, Сүхбаатар, Хороо 1",Сүхбаатар,1 өдрийн өмнө,2026-03-03T04:13:55+00:00,moving,,https://www.unegui.mn/adv/5051760_amzhirgaa-achaa-achina/,no,80802701
9056120,Ачаа ачна,,Үнэ тохирно,MNT,,"УБ — Сүхбаатар, Сүхбаатар, Хороо 9",Сүхбаатар,1 өдрийн өмнө,2026-03-03T04:13:55+00:00,moving,,https://www.unegui.mn/adv/9056120_khiamd/,no,89531195
3926866,Барилгын хог ачина,40000,"40,000₮",MNT,,"УБ — Сүхбаатар, Сүхбаатар, Хороо 1",Сүхбаатар,2 өдрийн өмнө,2026-03-03T04:13:55+00:00,moving,,https://www.unegui.mn/adv/3926866_barilgyn-khog-achina/,no,89402015
10163496,Ачаа ачна,1,1₮,MNT,,"УБ — Сүхбаатар, Сүхбаатар, Хороо 11",Сүхбаатар,2 өдрийн өмнө,2026-03-03T04:13:55+00:00,moving,,https://www.unegui.mn/adv/10163496_achaa-achna/,no,89050527
6381431,Howogoor teewer hiine,,Үнэ тохирно,MNT,,"УБ — Сүхбаатар, Сүхбаатар, Хороо 1",Сүхбаатар,2 өдрийн өмнө,2026-03-03T04:13:55+00:00,moving,,https://www.unegui.mn/adv/6381431_howo-goor-teewer-hiine/,no,96964044
4929806,"Амжиргаагаар ачаа ачна,нүүлгэнэ.",20000,"20,000₮",MNT,,"УБ — Сүхбаатар, Сүхбаатар, Хороо 1",Сүхбаатар,3 өдрийн өмнө,2026-03-03T04:13:55+00:00,moving,,https://www.unegui.mn/adv/4929806_achaa-achna-nuulgene/,no,96055737
8084368,Портероор ачаа ачна,,Үнэ тохирно,MNT,,"УБ — Сүхбаатар, 11-р хороолол",Сүхбаатар,3 өдрийн өмнө,2026-03-03T04:13:55+00:00,moving,,https://www.unegui.mn/adv/8084368_porteroor-achaa-achna/,no,89115067
8196186,Шаттай сагстай кранаар зөөвөр хийнэ,170000,"170,000₮",MNT,,"УБ — Сүхбаатар, 100 айл",Сүхбаатар,5 өдрийн өмнө,2026-03-03T04:13:55+00:00,moving,,https://www.unegui.mn/adv/8196186_shattai-sagstai-kranaar-zoovor-khiine/,no,83105050
3411872,"Nuulgelt hiine, teever porteruud",40000,"40,000₮",MNT,,"УБ — Сүхбаатар, Сүхбаатар, Хороо 1",Сүхбаатар,5 өдрийн өмнө,2026-03-03T04:13:55+00:00,moving,,https://www.unegui.mn/adv/3411872_nuulgelt-hiine/,no,99162040
6042125,"Нүүлгэнэ,ачаа ачна амжиргаа цагаан",20000,"20,000₮",MNT,,"УБ — Сүхбаатар, Сүхбаатар, Хороо 1",Сүхбаатар,5 өдрийн өмнө,2026-03-03T04:13:55+00:00,moving,,https://www.unegui.mn/adv/6042125_amzhirgaa-tsagaan-mashinaar-achaa-achna-nuulgene/,no,99323762
10155076,Айл оффис нүүлгэлт,1,1₮,MNT,,"УБ — Сүхбаатар, Сүхбаатар, Хороо 2",Сүхбаатар,5 өдрийн өмнө,2026-03-03T04:13:55+00:00,moving,,https://www.unegui.mn/adv/10155076_ail-offis-nuulgelt/,no,80043588
7092599,Шаттай кранаар зөөвөр хийнэ,150000,"150,000₮",MNT,,"УБ — Сүхбаатар, Сүхбаатар, Хороо 1",Сүхбаатар,5 өдрийн өмнө,2026-03-03T04:13:55+00:00,moving,,https://www.unegui.mn/adv/7092599_shattai-kranaar-zoovor-khiine/,no,88183136
3470785,Зөөвөр хийнэ,150000,"150,000₮",MNT,,"УБ — Сүхбаатар, Сүхбаатар, Хороо 1",Сүхбаатар,5 өдрийн өмнө,2026-03-03T04:13:55+00:00,moving,,https://www.unegui.mn/adv/3470785_sataariigaar-azhil-khiine-zoovor-khiine/,no,88183136
1331097,Porter 24 tsagaar achaa achna,50000,"50,000₮",MNT,,"УБ — Сүхбаатар, Сүхбаатар, Хороо 1",Сүхбаатар,6 өдрийн өмнө,2026-03-03T04:13:55+00:00,moving,,https://www.unegui.mn/adv/1331097_1t-porter-achaa-achina/,no,99162040
6242739,Крантай машинаар тээвэр хийнэ,,Үнэ тохирно,MNT,,"УБ — Сүхбаатар, Сүхбаатар, Хороо 1",Сүхбаатар,6 өдрийн өмнө,2026-03-03T04:13:55+00:00,moving,,https://www.unegui.mn/adv/6242739_krantai-mashinaar-teever-khiine/,no,86036080
4991851,"Ачаа ачна,нүүлгэнэ амжиргаа цагаан",20000,"20,000₮",MNT,,"УБ — Сүхбаатар, Сүхбаатар, Хороо 1",Сүхбаатар,1 долоо хоногийн өмнө,2026-03-03T04:13:55+00:00,moving,,https://www.unegui.mn/adv/4991851_achaa-achna-nuulgene/,no,99530762
8103659,"Хог ачна,амжиргаа цагаан",40000,"40,000₮",MNT,,"УБ — Сүхбаатар, Сүхбаатар, Хороо 1",Сүхбаатар,1 долоо хоногийн өмнө,2026-03-03T04:13:55+00:00,moving,,https://www.unegui.mn/adv/8103659_khog-achna-amzhirgaa-tsagaan/,no,99323762
8539816,Хог ачна,180000,"180,000₮",MNT,,"УБ — Сүхбаатар, Дарь Эх",Сүхбаатар,1 долоо хоногийн өмнө,2026-03-03T04:13:55+00:00,moving,,https://www.unegui.mn/adv/8539816_khog-achna/,no,88763310
8840178,Кантер хино canter hino,150000,"150,000₮",MNT,,"УБ — Сүхбаатар, Дарь Эх",Сүхбаатар,1 долоо хоногийн өмнө,2026-03-03T04:13:55+00:00,moving,,https://www.unegui.mn/adv/8840178_kanter-khino-canter-hino/,no,88763310
5671971,Canter ачаа ачна,160000,"160,000₮",MNT,,"УБ — Сүхбаатар, Сүхбаатар, Хороо 1",Сүхбаатар,1 долоо хоногийн өмнө,2026-03-03T04:13:55+00:00,moving,,https://www.unegui.mn/adv/5671971_canter-achaa-achna-3-7-tonn-barilgyn-khog-achna/,no,88763310
257740,Nuulgelt hiine,300000,"300,000₮",MNT,,"УБ — Сүхбаатар, 11-р хороолол",Сүхбаатар,1 долоо хоногийн өмнө,2026-03-03T04:13:55+00:00,moving,,https://www.unegui.mn/adv/257740_nuulgelt-94090058/,no,94090058
4029911,Porter duudlagaar achaa achina 24/7,30000,"30,000₮",MNT,,"УБ — Сүхбаатар, Сүхбаатар, Хороо 1",Сүхбаатар,1 долоо хоногийн өмнө,2026-03-03T04:13:55+00:00,moving,,https://www.unegui.mn/adv/4029911_porter-duudlaga-naidvartai-tsag-hargalzahgui/,no,88333887
2860936,Портер тээвэр,,Үнэ тохирно,MNT,,"УБ — Сүхбаатар, Сүхбаатар, Хороо 1",Сүхбаатар,1 долоо хоногийн өмнө,2026-03-03T04:13:55+00:00,moving,,https://www.unegui.mn/adv/2860936_porter-teever/,no,99162040
2775938,Барилгын хог ачна,,Үнэ тохирно,MNT,,"УБ — Сүхбаатар, Сүхбаатар, Хороо 1",Сүхбаатар,1 долоо хоногийн өмнө,2026-03-03T04:13:55+00:00,moving,,https://www.unegui.mn/adv/2775938_barilgiin-hog-achna/,no,88089717
4926039,Ачаа ачна нүүлгэнэ амжиргаа цагаан,20000,"20,000₮",MNT,,"УБ — Сүхбаатар, Сүхбаатар, Хороо 1",Сүхбаатар,1 долоо хоногийн өмнө,2026-03-03T04:13:55+00:00,moving,,https://www.unegui.mn/adv/4926039_achaa-achna-nuulgene/,no,99331962
5029884,"Амжиргаагаар ачаа ачна,нүүлгэнэ.",20000,"20,000₮",MNT,,"УБ — Сүхбаатар, Сүхбаатар, Хороо 1",Сүхбаатар,1 долоо хоногийн өмнө,2026-03-03T04:13:55+00:00,moving,,https://www.unegui.mn/adv/5029884_achaa-achna-nuulgene/,no,90275737
3834645,Barilgiin hog achina,1,1₮,MNT,,"УБ — Сүхбаатар, Сүхбаатар, Хороо 1",Сүхбаатар,1 долоо хоногийн өмнө,2026-03-03T04:13:55+00:00,moving,,https://www.unegui.mn/adv/3834645_barilgin-hog-achina/,no,96030100
8292589,Hino автомашинаар тээвэр хийнэ,250000,"250,000₮",MNT,,"УБ — Сүхбаатар, 5-р хороолол",Сүхбаатар,1 долоо хоногийн өмнө,2026-03-03T04:13:55+00:00,moving,,https://www.unegui.mn/adv/8292589_barilgyn-bolon-akhuin-khog-achna/,no,96030100
3827431,Кантер автомашинаар тээврийн ажил хийнэ,,Үнэ тохирно,MNT,,"УБ — Сүхбаатар, Сүхбаатар, Хороо 1",Сүхбаатар,1 долоо хоногийн өмнө,2026-03-03T04:13:55+00:00,moving,,https://www.unegui.mn/adv/3827431_avtomashinaar-azhild-iavna/,no,96030100
6049344,Barilgin hog barilgin ajil hiine suuri teewer,60000,"60,000₮",MNT,,"УБ — Сүхбаатар, Сүхбаатар, Хороо 1",Сүхбаатар,1 долоо хоногийн өмнө,2026-03-03T04:13:55+00:00,moving,,https://www.unegui.mn/adv/6049344_bairlagin-hog-bairlagin-ajil-hiin-suur-teewer/,no,88010240
6700366,Амьжиргаа цагаанаар ачаа ачна,1,1₮,MNT,,"УБ — Сүхбаатар, 5-р хороолол",Сүхбаатар,1 долоо хоногийн өмнө,2026-03-03T04:13:55+00:00,moving,,https://www.unegui.mn/adv/6700366_amzhirgaa-tsagaanaar-achaa-achna/,no,80212888
8895305,Porter achaa achna,100000,"100,000₮",MNT,,"УБ — Сүхбаатар, Сүхбаатар, Хороо 1",Сүхбаатар,1 долоо хоногийн өмнө,2026-03-03T04:13:55+00:00,moving,,https://www.unegui.mn/adv/8895305_porter-achaa-achna/,no,80376767
4785281,Кранаар ачаа ачна,,Үнэ тохирно,MNT,,"УБ — Сүхбаатар, Сүхбаатар, Хороо 1",Сүхбаатар,1 долоо хоногийн өмнө,2026-03-03T04:13:55+00:00,moving,,https://www.unegui.mn/adv/4785281_kranaar-5-8-tn-achaa-achna-buulgana/,no,88201029
5313808,Портер машин хот хөдөө ачаа ачина,,Үнэ тохирно,MNT,,"УБ — Сүхбаатар, Сүхбаатар, Хороо 1",Сүхбаатар,1 долоо хоногийн өмнө,2026-03-03T04:13:55+00:00,moving,,https://www.unegui.mn/adv/5313808_portor-mashin-khot-khodoo-achaa-achina/,no,99013947
10145204,Портер ачаа ачна,123460,"123,460₮",MNT,,"УБ — Сүхбаатар, 100 айл",Сүхбаатар,1 долоо хоногийн өмнө,2026-03-03T04:13:55+00:00,moving,,https://www.unegui.mn/adv/10145204_porter-achaa-achna/,no,99220111
7906651,Нүүлгэлт тээвэр,50000,"50,000₮",MNT,,"УБ — Сүхбаатар, Сүхбаатар, Хороо 1",Сүхбаатар,1 долоо хоногийн өмнө,2026-03-03T04:13:55+00:00,moving,,https://www.unegui.mn/adv/7906651_nuulgelt-teever/,no,99824082
4998942,"Амжиргаа цагаан машинаар ачаа ачна,нүүлгэнэ..",20000,"20,000₮",MNT,,"УБ — Сүхбаатар, Сүхбаатар, Хороо 1",Сүхбаатар,1 долоо хоногийн өмнө,2026-03-03T04:13:55+00:00,moving,,https://www.unegui.mn/adv/4998942_amzhirgaagaar-achaa-achna-nuulgene/,no,80900802
3019520,Achaa achna,50000,"50,000₮",MNT,,"УБ — Сүхбаатар, Сүхбаатар, Хороо 1",Сүхбаатар,1 долоо хоногийн өмнө,2026-03-03T04:13:55+00:00,moving,,https://www.unegui.mn/adv/3019520_achaa-achna/,no,96877788
4786030,Aчаа ачина,50000,"50,000₮",MNT,,"УБ — Сүхбаатар, Дөлгөөн нуур",Сүхбаатар,2 долоо хоногийн өмнө,2026-03-03T04:13:55+00:00,moving,,https://www.unegui.mn/adv/4786030_achaa-achina/,no,95101617
6753908,Крантай машин,180000,"180,000₮",MNT,,"УБ — Сүхбаатар, Сүхбаатар, Хороо 1",Сүхбаатар,2 долоо хоногийн өмнө,2026-03-03T04:14:01+00:00,moving,,https://www.unegui.mn/adv/6753908_krantai-mashin/,no,96070741
6538358,"Ачаа ачна,нүүлгэнэ.амжиргаа цагаан",20000,"20,000₮",MNT,,"УБ — Сүхбаатар, Сүхбаатар, Хороо 1",Сүхбаатар,2 долоо хоногийн өмнө,2026-03-03T04:14:01+00:00,moving,,https://www.unegui.mn/adv/6538358_amzhirgaa-tsagaan-mashinaar-achaa-achna-nuulgene/,no,94275737
3334103,Портер амьжиргаа машинаар ачаа ачна,1,1₮,MNT,,"УБ — Сүхбаатар, Сүхбаатар, Хороо 1",Сүхбаатар,2 долоо хоногийн өмнө,2026-03-03T04:14:01+00:00,moving,,https://www.unegui.mn/adv/3334103_turgen-shuurkhai-porter-amzhirgaa/,no,88044302
9088359,Ачаа ачна хот хөдөөд,30000,"30,000₮50,000₮",MNT,,"УБ — Сүхбаатар, Сүхбаатар, Хороо 1",Сүхбаатар,2 долоо хоногийн өмнө,2026-03-03T04:14:01+00:00,moving,,https://www.unegui.mn/adv/9088359_achaa-achna-ail-nuulgene/,no,88714461
7003220,Амбаартай портер ачаа ачна,12350,"12,350₮",MNT,,"УБ — Сүхбаатар, Сүхбаатар, Хороо 1",Сүхбаатар,2 долоо хоногийн өмнө,2026-03-03T04:14:01+00:00,moving,,https://www.unegui.mn/adv/7003220_ambaartai-porter-achaa-achna/,no,99182498
5156367,Achaa achna,,Үнэ тохирно,MNT,,"УБ — Сүхбаатар, Сүхбаатар, Хороо 1",Сүхбаатар,2 долоо хоногийн өмнө,2026-03-03T04:14:01+00:00,moving,,https://www.unegui.mn/adv/5156367_achaa-achna/,no,99046292
4780070,Фортэр нүүлгэлт,20000,"20,000₮",MNT,,"УБ — Сүхбаатар, Сүхбаатар, Хороо 1",Сүхбаатар,2 долоо хоногийн өмнө,2026-03-03T04:14:01+00:00,moving,,https://www.unegui.mn/adv/4780070_forter-duudlaga/,no,99462112
1209343,Kрантай ачааны машинаар өргөж ачиж тээвэрлэлт хийнэ,1,1₮,MNT,,"УБ — Сүхбаатар, Сүхбаатар, Хороо 1",Сүхбаатар,2 долоо хоногийн өмнө,2026-03-03T04:14:01+00:00,moving,,https://www.unegui.mn/adv/1209343_krantaj-achaanyi-mashinaar-rgzh-achizh-teeverlelt-hijne-91156952/,no,89007101
2947153,3тонны крантай 5 тонны машин,,Үнэ тохирно,MNT,,"УБ — Сүхбаатар, Сүхбаатар, Хороо 1",Сүхбаатар,2 долоо хоногийн өмнө,2026-03-03T04:14:01+00:00,moving,,https://www.unegui.mn/adv/2947153_krantai-mashinaar-azhil-khiine/,no,99051143
7336670,Ачаа ачна,,Үнэ тохирно,MNT,,"УБ — Сүхбаатар, 100 айл",Сүхбаатар,2 долоо хоногийн өмнө,2026-03-03T04:14:01+00:00,moving,,https://www.unegui.mn/adv/7336670_achaa-achna/,no,99711671
5462074,Амьжиргаа ачаа ачна,1,1₮,MNT,,"УБ — Сүхбаатар, Сүхбаатар, Хороо 1",Сүхбаатар,2 долоо хоногийн өмнө,2026-03-03T04:14:01+00:00,moving,,https://www.unegui.mn/adv/5462074_amzhirgaa-achaa-achinaa/,no,88893039
5777683,Кран шаланз,1,1 сая₮,MNT,,"УБ — Сүхбаатар, Сүхбаатар, Хороо 1",Сүхбаатар,2 долоо хоногийн өмнө,2026-03-03T04:14:01+00:00,moving,,https://www.unegui.mn/adv/5777683_kran-azhil-khiine/,no,86161133
8581519,5 tonii mashinaar achaa achina,,Үнэ тохирно,MNT,,"УБ — Сүхбаатар, Сүхбаатар, Хороо 1",Сүхбаатар,2 долоо хоногийн өмнө,2026-03-03T04:14:01+00:00,moving,,https://www.unegui.mn/adv/8581519_5-tonii-mashinaar-achaa-achina/,no,88151481
5041754,Amijirgaa tsagaanaar,25000,"25,000₮",MNT,,"УБ — Сүхбаатар, Сүхбаатар, Хороо 1",Сүхбаатар,2 долоо хоногийн өмнө,2026-03-03T04:14:01+00:00,moving,,https://www.unegui.mn/adv/5041754_amijirgaa-fsagaanaar80160510/,no,99462112
5249571,Барилгын хог ачна,140000,"140,000₮",MNT,,"УБ — Сүхбаатар, Сүхбаатар, Хороо 1",Сүхбаатар,2 долоо хоногийн өмнө,2026-03-03T04:14:01+00:00,moving,,https://www.unegui.mn/adv/5249571_barilgyn-khog-achna/,no,90050035
5816713,Барилгын болон ахуйн хог зөөнө.,130000,"130,000₮",MNT,,"УБ — Сүхбаатар, Сүхбаатар, Хороо 1",Сүхбаатар,2 долоо хоногийн өмнө,2026-03-03T04:14:01+00:00,moving,,https://www.unegui.mn/adv/5816713_barilgyn-bolon-akhuin-khog-zoono/,no,90050035
6347915,Bongo3 achaa achina,50000,"50,000₮",MNT,,"УБ — Сүхбаатар, Сүхбаатар, Хороо 1",Сүхбаатар,3 долоо хоногийн өмнө,2026-03-03T04:14:01+00:00,moving,,https://www.unegui.mn/adv/6347915_bongo3-achaa-achina-24-tsagaar/,no,90062404
8595434,Ачаа ачна,,Үнэ тохирно,MNT,,"УБ — Сүхбаатар, Сүхбаатар, Хороо 1",Сүхбаатар,3 долоо хоногийн өмнө,2026-03-03T04:14:01+00:00,moving,,https://www.unegui.mn/adv/8595434_achaa-achna/,no,99598595
4752619,Achaa achna,20000,"20,000₮",MNT,,"УБ — Сүхбаатар, Сүхбаатар, Хороо 1",Сүхбаатар,3 долоо хоногийн өмнө,2026-03-03T04:14:01+00:00,moving,,https://www.unegui.mn/adv/4752619_teever/,no,99462112
10123828,Амжиргаа ачаа ачна,50000,"50,000₮",MNT,,"УБ — Сүхбаатар, 11-р хороолол",Сүхбаатар,3 долоо хоногийн өмнө,2026-03-03T04:14:01+00:00,moving,,https://www.unegui.mn/adv/10123828_amzhirgaa/,no,94058605
10122243,Achaa achna achalt buulgalt,80000,"80,000₮",MNT,,"УБ — Сүхбаатар, 100 айл",Сүхбаатар,3 долоо хоногийн өмнө,2026-03-03T04:14:01+00:00,moving,,https://www.unegui.mn/adv/10122243_achaa-achna-achalt-buulgalt-une-tohirno/,no,99500065
9394448,Барилгын хог ачна,300000,"300,000₮",MNT,,"УБ — Сүхбаатар, Сүхбаатар, Хороо 1",Сүхбаатар,3 долоо хоногийн өмнө,2026-03-03T04:14:01+00:00,moving,,https://www.unegui.mn/adv/9394448_barilgyn-khog-achna/,no,88082856
9840218,Өөрөө буулгагч ажил хийнэ,5000,"5,000₮",MNT,,"УБ — Сүхбаатар, Цирк",Сүхбаатар,3 долоо хоногийн өмнө,2026-03-03T04:14:01+00:00,moving,,https://www.unegui.mn/adv/9840218_ooroo-buulgagch-azhil-khiine/,no,88082856
6274985,Хот дотор ачаа ачна,70000,"70,000₮",MNT,,"УБ — Сүхбаатар, Сүхбаатар, Хороо 1",Сүхбаатар,3 долоо хоногийн өмнө,2026-03-03T04:14:01+00:00,moving,,https://www.unegui.mn/adv/6274985_khot-dotor-achaa-achna/,no,99711671
7994168,Нүүлгэлт,,Үнэ тохирно,MNT,,"УБ — Сүхбаатар, 5-р хороолол",Сүхбаатар,3 долоо хоногийн өмнө,2026-03-03T04:14:01+00:00,moving,,https://www.unegui.mn/adv/7994168_nuulgelt/,no,88093582
6499560,8 тонны өөрөө буулгагч хог ачна,25000,"25,000₮",MNT,,"УБ — Сүхбаатар, Сүхбаатар, Хороо 1",Сүхбаатар,3 долоо хоногийн өмнө,2026-03-03T04:14:01+00:00,moving,,https://www.unegui.mn/adv/6499560_5-8-tony-mashinaar-khog-zoono/,no,89898738
4837874,Porter duudlaga,20000,"20,000₮",MNT,,"УБ — Сүхбаатар, Сүхбаатар, Хороо 1",Сүхбаатар,3 долоо хоногийн өмнө,2026-03-03T04:14:01+00:00,moving,,https://www.unegui.mn/adv/4837874_porter-duudlaga/,no,80160510
8317888,Achaa achina,,Үнэ тохирно,MNT,,"УБ — Сүхбаатар, Сүхбаатар, Хороо 1",Сүхбаатар,3 долоо хоногийн өмнө,2026-03-03T04:14:01+00:00,moving,,https://www.unegui.mn/adv/8317888_achaa-achina/,no,90062404
9977687,Ачаа ачна,111120,"111,120₮",MNT,,"УБ — Сүхбаатар, 100 айл",Сүхбаатар,3 долоо хоногийн өмнө,2026-03-03T04:14:01+00:00,moving,,https://www.unegui.mn/adv/9977687_achaa-khiamd-achna/,no,89010903
3173789,3тны крантай машинаар ачаа ачна.,,Үнэ тохирно,MNT,,"УБ — Сүхбаатар, Сүхбаатар, Хороо 1",Сүхбаатар,4 долоо хоногийн өмнө,2026-03-03T04:14:01+00:00,moving,,https://www.unegui.mn/adv/3173789_maiatigaar-achaa-achna/,no,96638859
5522802,Ail nvvlgene,25000,"25,000₮",MNT,,"УБ — Сүхбаатар, Сүхбаатар, Хороо 1",Сүхбаатар,4 долоо хоногийн өмнө,2026-03-03T04:14:01+00:00,moving,,https://www.unegui.mn/adv/5522802_ail-nvvlgene/,no,99462112
7697580,Амжиргаа цагаанаар ачаа зөөнө,30000,"30,000₮",MNT,,"УБ — Сүхбаатар, Сүхбаатар, Хороо 1",Сүхбаатар,1 сарын өмнө,2026-03-03T04:14:01+00:00,moving,,https://www.unegui.mn/adv/7697580_amzhirgaa-tsagaanaar-achaa-zoono/,no,95630069
9303880,Hodoo oron nutagruu bainga achaa achina,,Үнэ тохирно,MNT,,"УБ — Сүхбаатар, Сүхбаатар, Хороо 1",Сүхбаатар,1 сарын өмнө,2026-03-03T04:14:01+00:00,moving,,https://www.unegui.mn/adv/9303880_porter-achaad-achina/,no,99124938
7334581,Нүүлгэлт ачаа тээвэр,,Үнэ тохирно,MNT,,"УБ — Сүхбаатар, Сүхбаатар, Хороо 1",Сүхбаатар,1 сарын өмнө,2026-03-03T04:14:01+00:00,moving,,https://www.unegui.mn/adv/7334581_nuulgelt-achaa-teever/,no,94046288
378471,Айл болон оффис нүүлгэнэ,,Үнэ тохирно,MNT,,"УБ — Сүхбаатар, 5-р хороолол",Сүхбаатар,1 сарын өмнө,2026-03-03T04:14:01+00:00,moving,,https://www.unegui.mn/adv/378471_ajl-bolon-offis-nlgene/,no,99143045
3551722,Жин тээг нүүлгэлт үйлчилгээ,300000,"300,000₮",MNT,,"УБ — Сүхбаатар, 220 мянгат",Сүхбаатар,1 сарын өмнө,2026-03-03T04:14:01+00:00,moving,,https://www.unegui.mn/adv/3551722_zhin-teeg-nuulgelt-uilchilgee/,no,90443838
10090383,achaa achina,1,1₮,MNT,,"УБ — Сүхбаатар, 100 айл",Сүхбаатар,1 сарын өмнө,2026-03-03T04:14:01+00:00,moving,,https://www.unegui.mn/adv/10090383_une-tokhirno/,no,88650717
4911323,Ачаа ачна,1,1₮,MNT,,"УБ — Сүхбаатар, Сүхбаатар, Хороо 20",Сүхбаатар,1 сарын өмнө,2026-03-03T04:14:01+00:00,moving,,https://www.unegui.mn/adv/4911323_achaa-achna/,no,99821519
6026397,Krantai mashinaar achaa achna,1,1₮,MNT,,"УБ — Сүхбаатар, Сүхбаатар, Хороо 1",Сүхбаатар,1 сарын өмнө,2026-03-03T04:14:01+00:00,moving,,https://www.unegui.mn/adv/6026397_krantai-mashinaar-achaa-achna/,no,96881186
2761990,Amjirgaa achaa achina,30000,"30,000₮",MNT,,"УБ — Сүхбаатар, Сүхбаатар, Хороо 1",Сүхбаатар,1 сарын өмнө,2026-03-03T04:14:01+00:00,moving,,https://www.unegui.mn/adv/2761990_amjirgaa-achaa-achina/,no,80058624
8040035,Амжиргаа ачаа ачна.,20000,"20,000₮",MNT,,"УБ — Сүхбаатар, Сүхбаатар, Хороо 9",Сүхбаатар,1 сарын өмнө,2026-03-03T04:14:01+00:00,moving,,https://www.unegui.mn/adv/8040035_amzhirgaa-achaa-achna/,no,89981451
7349464,Амжиргаа ачаа ачна,40000,"40,000₮",MNT,,"УБ — Сүхбаатар, Сүхбаатар, Хороо 1",Сүхбаатар,1 сарын өмнө,2026-03-03T04:14:01+00:00,moving,,https://www.unegui.mn/adv/7349464_amzhirgaa-achaa-achna/,no,80720509
8849399,Amjirgaa achaa achna,40000,"40,000₮",MNT,,"УБ — Сүхбаатар, Сүхбаатар, Хороо 1",Сүхбаатар,1 сарын өмнө,2026-03-03T04:14:01+00:00,moving,,https://www.unegui.mn/adv/8849399_amjirgaa-achaa-achna/,no,80802509
6138579,Achaa achna,30000,"30,000₮",MNT,,"УБ — Сүхбаатар, Сүхбаатар, Хороо 1",Сүхбаатар,1 сарын өмнө,2026-03-03T04:14:01+00:00,moving,,https://www.unegui.mn/adv/6138579_achaa-achna/,no,80802509
4169220,Porter mashinaar achaa achina,,Үнэ тохирно,MNT,,"УБ — Сүхбаатар, Сүхбаатар, Хороо 1",Сүхбаатар,1 сарын өмнө,2026-03-03T04:14:01+00:00,moving,,https://www.unegui.mn/adv/4169220_porter-mashinaar-achaa-achina/,no,99626662
5552520,5-10tn achaa achna,300000,"300,000₮",MNT,,"УБ — Сүхбаатар, Сүхбаатар, Хороо 1",Сүхбаатар,1 сарын өмнө,2026-03-03T04:14:01+00:00,moving,,https://www.unegui.mn/adv/5552520_5-10tn-achaa-bainga-achna/,no,88087698
5966958,Ачаа тээвэр,1,1₮,MNT,,"УБ — Сүхбаатар, Сүхбаатар, Хороо 1",Сүхбаатар,1 сарын өмнө,2026-03-03T04:14:01+00:00,moving,,https://www.unegui.mn/adv/5966958_achaa-teever/,no,99085936
6650674,Айл нүүлгэлт,,Үнэ тохирно,MNT,,"УБ — Сүхбаатар, Сүхбаатар, Хороо 1",Сүхбаатар,1 сарын өмнө,2026-03-03T04:14:01+00:00,moving,,https://www.unegui.mn/adv/6650674_ail-nuulgelt/,no,80122994
5419297,Ачаа тээвэрлэнэ,100,100₮,MNT,,"УБ — Сүхбаатар, Сүхбаатар, Хороо 1",Сүхбаатар,1 сарын өмнө,2026-03-03T04:14:01+00:00,moving,,https://www.unegui.mn/adv/5419297_achaa-teeverlene/,no,80119999
2412590,Porteroor achaa achna,,Үнэ тохирно,MNT,,"УБ — Сүхбаатар, Сүхбаатар, Хороо 1",Сүхбаатар,1 сарын өмнө,2026-03-03T04:14:01+00:00,moving,,https://www.unegui.mn/adv/2412590_porter-achaa-achinaa-24tsag/,no,99240542
4716999,Амьжиргаа ачаа ачна,,Үнэ тохирно,MNT,,"УБ — Сүхбаатар, Сүхбаатар, Хороо 1",Сүхбаатар,1 сарын өмнө,2026-03-03T04:14:01+00:00,moving,,https://www.unegui.mn/adv/4716999_amzhirgaa-achaa-achaa-99011451/,no,99011451
2699527,Портероор ачаа ачна,,Үнэ тохирно,MNT,,"УБ — Сүхбаатар, Сүхбаатар, Хороо 1",Сүхбаатар,1 сарын өмнө,2026-03-03T04:14:01+00:00,moving,,https://www.unegui.mn/adv/2699527_porteroor-achaa-achna/,no,99710704
10047404,Амжиргаа цагаанаар найдвартай ачаа ачина,,Үнэ тохирно,MNT,,"УБ — Сүхбаатар, Сүхбаатар, Хороо 9",Сүхбаатар,1 сарын өмнө,2026-03-03T04:14:01+00:00,moving,,https://www.unegui.mn/adv/10047404_amzhirgaa-tsagaanaar-naidvartai-khiamd-achaa-achina/,no,96054064
1613796,Шаланз автокран,1,1₮,MNT,,"УБ — Сүхбаатар, Сүхбаатар, Хороо 1",Сүхбаатар,1 сарын өмнө,2026-03-03T04:14:01+00:00,moving,,https://www.unegui.mn/adv/1613796_khodoo-oron-nutag-khot-khoorond-shalanz-avto-kranaar-achaa-teeverlene/,no,90989393
4828250,Ачаа ачина,,Үнэ тохирно,MNT,,"УБ — Сүхбаатар, Сүхбаатар, Хороо 1",Сүхбаатар,1 сарын өмнө,2026-03-03T04:14:01+00:00,moving,,https://www.unegui.mn/adv/4828250_achaa-achina/,no,95101617
9989791,Хот. хөдөө 10тн хүртэлх ачаа ачна,100000,"100,000₮",MNT,,"УБ — Сүхбаатар, 11-р хороолол",Сүхбаатар,1 сарын өмнө,2026-03-03T04:14:01+00:00,moving,,https://www.unegui.mn/adv/9989791_khot-khodoo10tn-khurtelkh-achaa-achna/,no,80656590
10036124,Porteroor achaa achina,40,40₮,MNT,,"УБ — Сүхбаатар, Сүхбаатар, Хороо 15",Сүхбаатар,1 сарын өмнө,2026-03-03T04:14:01+00:00,moving,,https://www.unegui.mn/adv/10036124_porteroor-achaa-achina/,no,99840858
9152244,Авто машинаар тээвэр хийнэ,,Үнэ тохирно,MNT,,"УБ — Сүхбаатар, Сүхбаатар, Хороо 1",Сүхбаатар,1 сарын өмнө,2026-03-03T04:14:01+00:00,moving,,https://www.unegui.mn/adv/9152244_avto-mashinaar-teever-khiikh/,no,80805021
10030122,Tand achiltiin mashinaar vilchlne,60000,"60,000₮",MNT,,"УБ — Сүхбаатар, 100 айл",Сүхбаатар,1 сарын өмнө,2026-03-03T04:14:01+00:00,moving,,https://www.unegui.mn/adv/10030122_tand-achiltiin-mashinaar-vilchlne/,no,94648777
4542070,Крантай машинаар ачаа тээвэрлэнэ,350000,"350,000₮",MNT,,"УБ — Сүхбаатар, Сүхбаатар, Хороо 1",Сүхбаатар,1 сарын өмнө,2026-03-03T04:14:01+00:00,moving,,https://www.unegui.mn/adv/4542070_krantai-mashinaar-achaa-teeverlene/,no,80000015
7083329,Amjirgaa achaa achna,,Үнэ тохирно,MNT,,"УБ — Сүхбаатар, Сүхбаатар, Хороо 1",Сүхбаатар,1 сарын өмнө,2026-03-03T04:14:05+00:00,moving,,https://www.unegui.mn/adv/7083329_amjirgaa-achaa-achna/,no,80840878
10019889,Achaa achina,,Үнэ тохирно,MNT,,"УБ — Сүхбаатар, Дөлгөөн нуур",Сүхбаатар,1 сарын өмнө,2026-03-03T04:14:05+00:00,moving,,https://www.unegui.mn/adv/10019889_achaa-achina/,no,88457574
10019563,Тээвэр хийнэ,,Үнэ тохирно,MNT,,"УБ — Сүхбаатар, Сүхбаатар, Хороо 11",Сүхбаатар,1 сарын өмнө,2026-03-03T04:14:05+00:00,moving,,https://www.unegui.mn/adv/10019563_teever-khiine/,no,99246601
10017441,Бүх төрлийн ачаа ачна,40000,"40,000₮",MNT,,"УБ — Сүхбаатар, 100 айл",Сүхбаатар,1 сарын өмнө,2026-03-03T04:14:05+00:00,moving,,https://www.unegui.mn/adv/10017441_bukh-torliin-achaa-achna/,no,88474769
4804580,Ачаа ачина,,Үнэ тохирно,MNT,,"УБ — Сүхбаатар, Сүхбаатар, Хороо 1",Сүхбаатар,2 сарын өмнө,2026-03-03T04:14:05+00:00,moving,,https://www.unegui.mn/adv/4804580_achaa-achina/,no,95101617
10013621,Хот хооронд ачаа ачина,200000,"200,000₮",MNT,,"УБ — Сүхбаатар, 11-р хороолол",Сүхбаатар,2 сарын өмнө,2026-03-03T04:14:05+00:00,moving,,https://www.unegui.mn/adv/10013621_khot-khoorond-achaa-achina/,no,96860063
1953454,Крантай машин,100000,"100,000₮",MNT,,"УБ — Сүхбаатар, Сүхбаатар, Хороо 1",Сүхбаатар,2 сарын өмнө,2026-03-03T04:14:05+00:00,moving,,https://www.unegui.mn/adv/1953454_krantai-mashinaar-azhil-khiine-achaa-achna/,no,99795766
5846990,Krantai mashinaar ajil hiine,150000,"150,000₮",MNT,,"УБ — Сүхбаатар, Сүхбаатар, Хороо 1",Сүхбаатар,2 сарын өмнө,2026-03-03T04:14:05+00:00,moving,,https://www.unegui.mn/adv/5846990_krantai-mashinaar-ajil-hiine/,no,99795766
4278434,Ачаа ачина,,Үнэ тохирно,MNT,,"УБ — Сүхбаатар, Сүхбаатар, Хороо 1",Сүхбаатар,2 сарын өмнө,2026-03-03T04:14:05+00:00,moving,,https://www.unegui.mn/adv/4278434_achaa-achina/,no,99916540
10004013,Нүүлгэлт үйлчилгээ,,Үнэ тохирно,MNT,,"УБ — Сүхбаатар, 11-р хороолол",Сүхбаатар,2 сарын өмнө,2026-03-03T04:14:05+00:00,moving,,https://www.unegui.mn/adv/10004013_nuulgelt-uilchelgee/,no,99889344
8248920,Портероор бүх төрлийн ачаа ачна.,,Үнэ тохирно,MNT,,"УБ — Сүхбаатар, Сүхбаатар, Хороо 1",Сүхбаатар,2 сарын өмнө,2026-03-03T04:14:05+00:00,moving,,https://www.unegui.mn/adv/8248920_porteroor-bukh-torliin-achaa-achna/,no,99152043
3166753,Шалаанз болон автокран трайлэр тээвэр,,Үнэ тохирно,MNT,,"УБ — Сүхбаатар, Сүхбаатар, Хороо 1",Сүхбаатар,2 сарын өмнө,2026-03-03T04:14:05+00:00,moving,,https://www.unegui.mn/adv/3166753_shalaanz-bolon-avtokran-trailer-teever/,no,91008030
5954089,"Портероор ачна, нүүлгэнэ",,Үнэ тохирно,MNT,,"УБ — Сүхбаатар, Сүхбаатар, Хороо 1",Сүхбаатар,2 сарын өмнө,2026-03-03T04:14:05+00:00,moving,,https://www.unegui.mn/adv/5954089_porteroor-gials-achna-gials-nuulgene/,no,80048998
9973157,Барилгын хог ачинa,,Үнэ тохирно,MNT,,"УБ — Сүхбаатар, 100 айл",Сүхбаатар,2 сарын өмнө,2026-03-03T04:14:05+00:00,moving,,https://www.unegui.mn/adv/9973157_barilgyn-khog-achina/,no,88077831
9973096,Портер бүх төрлийн ачаа ачна,50,50₮,MNT,,"УБ — Сүхбаатар, Сүхбаатар, Хороо 1",Сүхбаатар,2 сарын өмнө,2026-03-03T04:14:05+00:00,moving,,https://www.unegui.mn/adv/9973096_porter-bukh-torliin-achaa-achna/,no,98982598
5607696,Ачаа ачина,25000,"25,000₮",MNT,,"УБ — Сүхбаатар, Сүхбаатар, Хороо 1",Сүхбаатар,2 сарын өмнө,2026-03-03T04:14:05+00:00,moving,,https://www.unegui.mn/adv/5607696_achaa-achina/,no,99821519
6305349,Тээвэр,,Үнэ тохирно,MNT,,"УБ — Сүхбаатар, Сүхбаатар, Хороо 1",Сүхбаатар,3 сарын өмнө,2026-03-03T04:14:05+00:00,moving,,https://www.unegui.mn/adv/6305349_teewer-hiine/,no,99508008
9942180,Амжиргаа нүүлгэлт хийнэ,60000,"60,000₮",MNT,,"УБ — Сүхбаатар, 11-р хороолол",Сүхбаатар,3 сарын өмнө,2026-03-03T04:14:05+00:00,moving,,https://www.unegui.mn/adv/9942180_amzhirgaa/,no,85058605
7093567,Машин ачна,80000,"80,000₮",MNT,,"УБ — Сүхбаатар, Сүхбаатар, Хороо 1",Сүхбаатар,3 сарын өмнө,2026-03-03T04:14:05+00:00,moving,,https://www.unegui.mn/adv/7093567_mashin-achna/,no,91911137
8359986,Барилгын хог болон ахуйн хог бүх төрлийн элс хайрга тоосго цемент ачина,,Үнэ тохирно,MNT,,"УБ — Сүхбаатар, Сүхбаатар, Хороо 1",Сүхбаатар,3 сарын өмнө,2026-03-03T04:14:05+00:00,moving,,https://www.unegui.mn/adv/8359986_barilgyn-khog-teever/,no,80027080
5532587,Барилгын болон ахуйн хог зөөнө,100000,"100,000₮",MNT,,"УБ — Сүхбаатар, Сүхбаатар, Хороо 1",Сүхбаатар,3 сарын өмнө,2026-03-03T04:14:05+00:00,moving,,https://www.unegui.mn/adv/5532587_barilgyn-khog-akhuin-zoono/,no,89898738
7194753,5 тонны самосвал,50000,"50,000₮",MNT,,"УБ — Сүхбаатар, Сүхбаатар, Хороо 1",Сүхбаатар,3 сарын өмнө,2026-03-03T04:14:05+00:00,moving,,https://www.unegui.mn/adv/7194753_5-tonny-somsmol/,no,89898738
7456997,Крантай машин,100000,"100,000₮",MNT,,"УБ — Сүхбаатар, Сүхбаатар, Хороо 1",Сүхбаатар,3 сарын өмнө,2026-03-03T04:14:05+00:00,moving,,https://www.unegui.mn/adv/7456997_krantai-mashin/,no,91156952
8924253,Амжиргаа цагаан ачаа ачна,20,20₮,MNT,,"УБ — Сүхбаатар, Сүхбаатар, Хороо 1",Сүхбаатар,3 сарын өмнө,2026-03-03T04:14:05+00:00,moving,,https://www.unegui.mn/adv/8924253_amzhirgaa-tsagaan-achaa-achna/,no,80553738
9907254,Ачаа ачна,60,60₮,MNT,,"УБ — Сүхбаатар, Сүхбаатар, Хороо 7",Сүхбаатар,3 сарын өмнө,2026-03-03T04:14:05+00:00,moving,,https://www.unegui.mn/adv/9907254_achaa-achna/,no,85058605
3434138,Портероор хот хөдөө ачаа бараа адуу мал ачна.,,Үнэ тохирно,MNT,,"УБ — Сүхбаатар, Сүхбаатар, Хороо 1",Сүхбаатар,3 сарын өмнө,2026-03-03T04:14:05+00:00,moving,,https://www.unegui.mn/adv/3434138_porteroor-khot-khodoo-achaa-achna/,no,94475850
4829616,Крантай машин,100000,"100,000₮",MNT,,"УБ — Сүхбаатар, Сүхбаатар, Хороо 1",Сүхбаатар,3 сарын өмнө,2026-03-03T04:14:05+00:00,moving,,https://www.unegui.mn/adv/4829616_krantai-mashin/,no,88781898
437961,Портероор хот хөдөө ачаа ачна.,,Үнэ тохирно,MNT,,"УБ — Сүхбаатар, Сүхбаатар, Хороо 1",Сүхбаатар,3 сарын өмнө,2026-03-03T04:14:05+00:00,moving,,https://www.unegui.mn/adv/437961_porteroor-achaa-achna91195668/,no,91195668
9880057,12тн крантай 25тн,1,1₮,MNT,,"УБ — Сүхбаатар, 100 айл",Сүхбаатар,3 сарын өмнө,2026-03-03T04:14:05+00:00,moving,,https://www.unegui.mn/adv/9880057_12tn-krantai-25tn/,no,90110073
8049459,Албан газар айл нүүлгэнэ,1000,"1,000₮",MNT,,"УБ — Сүхбаатар, Сүхбаатар, Хороо 1",Сүхбаатар,3 сарын өмнө,2026-03-03T04:14:05+00:00,moving,,https://www.unegui.mn/adv/8049459_alban-gazar-ail-khuulgene/,no,99926272
7581515,Хот дотор ачаа ачина,1000,"1,000₮",MNT,,"УБ — Сүхбаатар, Сүхбаатар, Хороо 1",Сүхбаатар,3 сарын өмнө,2026-03-03T04:14:05+00:00,moving,,https://www.unegui.mn/adv/7581515_khot-dotor-achaa-achina/,no,99926272
9264938,Ачаа ачна,,Үнэ тохирно,MNT,,"УБ — Сүхбаатар, 100 айл",Сүхбаатар,4 сарын өмнө,2026-03-03T04:14:05+00:00,moving,,https://www.unegui.mn/adv/9264938_achaa-achna/,no,85953016
9841655,Ачаа ачна,,Үнэ тохирно,MNT,,"УБ — Сүхбаатар, 100 айл",Сүхбаатар,4 сарын өмнө,2026-03-03T04:14:05+00:00,moving,,https://www.unegui.mn/adv/9841655_achaa-achna/,no,99831811
5457581,Бүхээгтэй машинаар айл нүүлгэнэ,10000,"10,000₮",MNT,,"УБ — Сүхбаатар, Сүхбаатар, Хороо 1",Сүхбаатар,4 сарын өмнө,2026-03-03T04:14:05+00:00,moving,,https://www.unegui.mn/adv/5457581_premium-palas-d-khurlyn-zaal-tureesluulne/,no,80048998
6502775,Achaa zuunu,,Үнэ тохирно,MNT,,"УБ — Сүхбаатар, Сүхбаатар, Хороо 1",Сүхбаатар,4 сарын өмнө,2026-03-03T04:14:05+00:00,moving,,https://www.unegui.mn/adv/6502775_achaa-zuunu/,no,89118511
9831448,Амжиргаа ачаа тээвэр,1,1₮,MNT,,"УБ — Сүхбаатар, Сүхбаатар, Хороо 1",Сүхбаатар,4 сарын өмнө,2026-03-03T04:14:05+00:00,moving,,https://www.unegui.mn/adv/9831448_amzhirgaa-achaa-teever/,no,90416001
8895849,Амжиргаа ачаа ачна,30000,"30,000₮",MNT,,"УБ — Сүхбаатар, Дөлгөөн нуур",Сүхбаатар,4 сарын өмнө,2026-03-03T04:14:05+00:00,moving,,https://www.unegui.mn/adv/8895849_amzhirgaa-achaa-achna/,no,80194077
9434900,Ачаа ачна,,Үнэ тохирно,MNT,,"УБ — Сүхбаатар, 100 айл",Сүхбаатар,4 сарын өмнө,2026-03-03T04:14:05+00:00,moving,,https://www.unegui.mn/adv/9434900_achaa-achna/,no,88022281
4828268,Ачаа ачина,,Үнэ тохирно,MNT,,"УБ — Сүхбаатар, Сүхбаатар, Хороо 1",Сүхбаатар,4 сарын өмнө,2026-03-03T04:14:05+00:00,moving,,https://www.unegui.mn/adv/4828268_achaa-achina/,no,95101617
9354007,Амжиргаа ачаа ачна,,Үнэ тохирно,MNT,,"УБ — Сүхбаатар, Дарь Эх",Сүхбаатар,5 сарын өмнө,2026-03-03T04:14:05+00:00,moving,,https://www.unegui.mn/adv/9354007_amzhirgaa-achaa-achna/,no,95675881
2682524,Портероор хот хөдөөд ачаа ачна,1,1₮,MNT,,"УБ — Сүхбаатар, Сүхбаатар, Хороо 1",Сүхбаатар,5 сарын өмнө,2026-03-03T04:14:05+00:00,moving,,https://www.unegui.mn/adv/2682524_achaa-achna-xot-xodoo-ywna/,no,88092693
2948566,3 ба 6 тонны кран,,Үнэ тохирно,MNT,,"УБ — Сүхбаатар, Сүхбаатар, Хороо 1",Сүхбаатар,5 сарын өмнө,2026-03-03T04:14:05+00:00,moving,,https://www.unegui.mn/adv/2948566_3-6-tonny-kran-9008-9006/,no,90089006
9735925,Porter mashin аchaa achna,,Үнэ тохирно,MNT,,"УБ — Сүхбаатар, Дамбадаржаа",Сүхбаатар,5 сарын өмнө,2026-03-03T04:14:05+00:00,moving,,https://www.unegui.mn/adv/9735925_porter-mashinar-hamtarch-ajillana/,no,99717271
8785592,Ачаа ачна,,Үнэ тохирно,MNT,,"УБ — Сүхбаатар, Сүхбаатар, Хороо 1",Сүхбаатар,5 сарын өмнө,2026-03-03T04:14:05+00:00,moving,,https://www.unegui.mn/adv/8785592_achaa-achna/,no,94298258
4902533,Крантай машинаар ачаа ачна,,Үнэ тохирно,MNT,,"УБ — Сүхбаатар, Сүхбаатар, Хороо 1",Сүхбаатар,5 сарын өмнө,2026-03-03T04:14:05+00:00,moving,,https://www.unegui.mn/adv/4902533_krantai-mashinaar-achaa-achna/,no,88008752
9913623,Амжиргаа цагаан 24 цагаар ачаа ачна,,Үнэ тохирно,MNT,,"УБ — Чингэлтэй, 40 мянгат",Чингэлтэй,3 цагийн өмнө,2026-03-03T04:14:05+00:00,moving,,https://www.unegui.mn/adv/9913623_amzhirgaa-tsagaan-24-tsagaar-achaa-achna/,no,88064410
5387296,Портер бүх төрлийн ачаа ачна айл нүүлгэнэ,,Үнэ тохирно,MNT,,"УБ — Баянгол, Баруун 4 зам",Баянгол,Өчигдөр,2026-03-03T04:14:05+00:00,moving,,https://www.unegui.mn/adv/5387296_porter-mashyn-ail-nuulgen-bukh-torliin-achaa-achna/,no,99739058
8439871,Нүүлгэлт үйлчилгээ портер ачаа тээвэр,,Үнэ тохирно,MNT,,"УБ — Баянгол, Баруун 4 зам",Баянгол,Өчигдөр,2026-03-03T04:14:05+00:00,moving,,https://www.unegui.mn/adv/8439871_porter-achaa-teever-nuulgelt-uilchilgee/,no,90094210
9305765,Том жижиг крантай маятинууд ачаа ачна,,Үнэ тохирно,MNT,,"УБ — Хан-Уул, 120 мянгат",Хан-Уул,2 өдрийн өмнө,2026-03-03T04:14:05+00:00,moving,,https://www.unegui.mn/adv/9305765_krantai-maiatinuud-achaa-achna/,no,70703333
2537222,Нүүлгэлтийн үйлчилгээ,120000,"120,000₮",MNT,,"УБ — Сонгинохайрхан, 1-р хороолол",Сонгинохайрхан,6 өдрийн өмнө,2026-03-03T04:14:05+00:00,moving,,https://www.unegui.mn/adv/2537222_monkh-khuleg-khkhk/,no,94148181
9447322,Ачаа ачна,,Үнэ тохирно,MNT,,"УБ — Баянзүрх, 16-р хороолол",Баянзүрх,2 өдрийн өмнө,2026-03-03T04:14:05+00:00,moving,,https://www.unegui.mn/adv/9447322_achaa-achina/,no,96654381
9741923,Амбаартай майти ачаа ачна,150000,"150,000₮",MNT,,"УБ — Хан-Уул, 19-р хороолол",Хан-Уул,2 өдрийн өмнө,2026-03-03T04:14:05+00:00,moving,,https://www.unegui.mn/adv/9741923_ambaartai-maiti-achaa-achna/,no,99182498
8586916,"Крантай машинаар өргөх, буулгах, тээвэрлэх ажил",50000,"50,000₮",MNT,,"УБ — Баянзүрх, Амгалан",Баянзүрх,2 өдрийн өмнө,2026-03-03T04:14:05+00:00,moving,,https://www.unegui.mn/adv/8586916_karantai-mashinaar-teever-khiine/,no,88312131
10160798,Ачаа ачна,111120,"111,120₮",MNT,,"УБ — Баянгол, Баянгол, Хороо 18",Баянгол,3 өдрийн өмнө,2026-03-03T04:14:05+00:00,moving,,https://www.unegui.mn/adv/10160798_achaa-achna/,no,88084567
9989458,Өөрөө буулгагч кантер машин ачаа ачна,,Үнэ тохирно,MNT,,"УБ — Баянзүрх, Баянзүрх, Хороо 15",Баянзүрх,3 өдрийн өмнө,2026-03-03T04:14:05+00:00,moving,,https://www.unegui.mn/adv/9989458_ooroo-buulgagch-kanter-mashin-khog-els-khairga-achaa-achna/,no,99824082
6961652,Porter achaa achina,10000,"10,000₮",MNT,,"УБ — Хан-Уул, 19-р хороолол",Хан-Уул,4 өдрийн өмнө,2026-03-03T04:14:05+00:00,moving,,https://www.unegui.mn/adv/6961652_porter-achaa-achina/,no,99182498
8634992,Achaa teewer achna,,Үнэ тохирно,MNT,,"УБ — Сонгинохайрхан, Сонсголон",Сонгинохайрхан,4 өдрийн өмнө,2026-03-03T04:14:05+00:00,moving,,https://www.unegui.mn/adv/8634992_achaa-teewer/,no,88093436
9370398,12 тн өргөх кранаар ажил хийнэ,150000,"150,000₮",MNT,,"УБ — Сонгинохайрхан, 5 шар",Сонгинохайрхан,5 өдрийн өмнө,2026-03-03T04:14:05+00:00,moving,,https://www.unegui.mn/adv/9370398_12-tn-orgokh-kranaar-azhil-khiine/,no,91914799
10152815,"Kрантай машин хот, хөдөө орон нутагт тээвэр хийнэ",,Үнэ тохирно,MNT,,"УБ — Баянзүрх, Баянзүрх, Хороо 40",Баянзүрх,5 өдрийн өмнө,2026-03-03T04:14:05+00:00,moving,,https://www.unegui.mn/adv/10152815_khot-khodoo-oron-nutagt-teever-khiine/,no,89004995
3517129,5-20 tn achaa achna,,Үнэ тохирно,MNT,,"УБ — Сонгинохайрхан, 1-р хороолол",Сонгинохайрхан,6 өдрийн өмнө,2026-03-03T04:14:05+00:00,moving,,https://www.unegui.mn/adv/3517129_mighty-mashinaar-achaa-achna/,no,99657599
8795809,Хот хөдөөд 15тонн хүртэл ачаа тээвэрлэнэ,,Үнэ тохирно,MNT,,"УБ — Чингэлтэй, Хайлааст",Чингэлтэй,6 өдрийн өмнө,2026-03-03T04:14:10+00:00,moving,,https://www.unegui.mn/adv/8795809_achaa-teeverlene/,no,95729295
8967680,Нүүлгэлт,,Үнэ тохирно,MNT,,"УБ — Хан-Уул, 19-р хороолол",Хан-Уул,1 долоо хоногийн өмнө,2026-03-03T04:14:10+00:00,moving,,https://www.unegui.mn/adv/8967680_khuder-nuulgelt/,no,99796290
9978627,Mayti achaa achna,200000,"200,000₮",MNT,,"УБ — Чингэлтэй, Хайлааст",Чингэлтэй,1 долоо хоногийн өмнө,2026-03-03T04:14:10+00:00,moving,,https://www.unegui.mn/adv/9978627_mayti-achaa-achna/,no,76767797
10144543,Машин ачина,,Үнэ тохирно,MNT,,"УБ — Баянгол, Баянгол, Хороо 11",Баянгол,1 долоо хоногийн өмнө,2026-03-03T04:14:10+00:00,moving,,https://www.unegui.mn/adv/10144543_mashin-achina/,no,91918643
3841608,Ачаа ачна,1,1₮,MNT,,"УБ — Сонгинохайрхан, 1-р хороолол",Сонгинохайрхан,1 долоо хоногийн өмнө,2026-03-03T04:14:10+00:00,moving,,https://www.unegui.mn/adv/3841608_achaa-achina/,no,88808109
10089862,Сондор нүүлгэлтийн үйлчилгээ,300,300₮,MNT,,"УБ — Хан-Уул, Хан-Уул, Хороо 3",Хан-Уул,2 долоо хоногийн өмнө,2026-03-03T04:14:10+00:00,moving,,https://www.unegui.mn/adv/10089862_sondor-nuulgeltiin-uilchilgee/,no,95004781
10129689,Ачаа ачна,80,80₮,MNT,,"УБ — Баянзүрх, 16-р хороолол",Баянзүрх,2 долоо хоногийн өмнө,2026-03-03T04:14:10+00:00,moving,,https://www.unegui.mn/adv/10129689_achaa-achna-khurgelt-khiine-achigchtai/,no,88567860
9905351,Амжиргаа машинаар ачаа ачна,,Үнэ тохирно,MNT,,"УБ — Баянзүрх, Амгалан",Баянзүрх,3 долоо хоногийн өмнө,2026-03-03T04:14:10+00:00,moving,,https://www.unegui.mn/adv/9905351_amzhirgaa-mashinaar-togtmol-achaa-achna/,no,98111831
8156061,"Хөргүүр, хөлдөөгч, халаагууртай амбаартай машинаар ачаа ачна",50000,"50,000₮",MNT,,"УБ — Баянзүрх, Офицер",Баянзүрх,1 сарын өмнө,2026-03-03T04:14:10+00:00,moving,,https://www.unegui.mn/adv/8156061_khorguurtei-mashinaar-bukh-torliin-achaa-achizh-uilchilne/,no,80652288
9245345,"Өөрөө буулгагч кантер машин хог, элс, хайрга ачаа ачна",,Үнэ тохирно,MNT,,"УБ — Баянгол, 3, 4 хороолол",Баянгол,1 сарын өмнө,2026-03-03T04:14:10+00:00,moving,,https://www.unegui.mn/adv/9245345_bukh-torliin-khog-els-khairga-achna/,no,70703333
9671236,Маяти ачаа ачна,300000,"300,000₮",MNT,,"УБ — Баянгол, 3, 4 хороолол",Баянгол,1 сарын өмнө,2026-03-03T04:14:10+00:00,moving,,https://www.unegui.mn/adv/9671236_maiati-achaa-achna/,no,70703333
8847055,Хог ачна,40000,"40,000₮",MNT,,"УБ — Баянгол, Баруун 4 зам",Баянгол,1 цагийн өмнө,2026-03-03T04:14:10+00:00,moving,,https://www.unegui.mn/adv/8847055_khog-achna/,no,94275737
10135499,"Ачаа ачна, нүүлгэнэ",40000,"40,000₮",MNT,,"УБ — Баянгол, 3, 4 хороолол",Баянгол,1 цагийн өмнө,2026-03-03T04:14:10+00:00,moving,,https://www.unegui.mn/adv/10135499_achaa-achna-nuulgene-amzhirgaa-tsagaan/,no,95750084
10104322,Krantai mashinaar teewer hiine,,Үнэ тохирно,MNT,,"УБ — Баянзүрх, Амгалан",Баянзүрх,Өчигдөр,2026-03-03T04:14:10+00:00,moving,,https://www.unegui.mn/adv/10104322_krantai-mashinaar-teewer-hiine/,no,86036080
10037277,Ачаа ачна,50000,"50,000₮",MNT,,"УБ — Сонгинохайрхан, Сонгинохайрхан, Хороо 1",Сонгинохайрхан,Өчигдөр,2026-03-03T04:14:10+00:00,moving,,https://www.unegui.mn/adv/10037277_achaa-achna/,no,99039334
10167421,Нүүлгэлт тээвэр,20000,"20,000₮",MNT,,"УБ — Сонгинохайрхан, Сонгинохайрхан, Хороо 12",Сонгинохайрхан,Өчигдөр,2026-03-03T04:14:10+00:00,moving,,https://www.unegui.mn/adv/10167421_achaa-achna88193738/,no,99206285
9139560,Амьжиргаа ачаа ачина,,Үнэ тохирно,MNT,,"УБ — Чингэлтэй, Баянбүрд",Чингэлтэй,Өчигдөр,2026-03-03T04:14:10+00:00,moving,,https://www.unegui.mn/adv/9139560_amzhirgaa-achaa-achina/,no,99288589
2933320,"Маяти ачаа тээвэр, нүүлгэлт хийнэ",,Үнэ тохирно,MNT,,"УБ — Баянгол, 10-р хороолол",Баянгол,Өчигдөр,2026-03-03T04:14:10+00:00,moving,,https://www.unegui.mn/adv/2933320_achaa-zuunu-nuulgelt-hiine/,no,99176691
9225106,Дуудлагаар ачаа хүргэлт,40000,"40,000₮",MNT,,"УБ — Баянгол, 10-р хороолол",Баянгол,Өчигдөр,2026-03-03T04:14:10+00:00,moving,,https://www.unegui.mn/adv/9225106_duudlagaar-achaa-khurgelt/,no,95983362
10139398,Хог ачна,40000,"40,000₮",MNT,,"УБ — Баянгол, 3, 4 хороолол",Баянгол,Өчигдөр,2026-03-03T04:14:10+00:00,moving,,https://www.unegui.mn/adv/10139398_khog-achna/,no,95750084
7461045,Ачаа ачна,,Үнэ тохирно,MNT,,"УБ — Сонгинохайрхан, Баянхошуу",Сонгинохайрхан,1 өдрийн өмнө,2026-03-03T04:14:10+00:00,moving,,https://www.unegui.mn/adv/7461045_achaa-achna/,no,99885949
9743280,Nuulgelt teewer,,Үнэ тохирно,MNT,,"УБ — Сонгинохайрхан, 21-р хороолол",Сонгинохайрхан,1 өдрийн өмнө,2026-03-03T04:14:10+00:00,moving,,https://www.unegui.mn/adv/9743280_nuulgelt-teewer/,no,90062404
10164739,Bongo машинаар ачаа ачна,20000,"20,000₮",MNT,,"УБ — Баянзүрх, Баянзүрх, Хороо 26",Баянзүрх,1 өдрийн өмнө,2026-03-03T04:14:10+00:00,moving,,https://www.unegui.mn/adv/10164739_bongo-mashinaar-achaa-achna/,no,88803064
9232784,Амжиргаа ачаа зөөнө,,Үнэ тохирно,MNT,,"УБ — Хан-Уул, 19-р хороолол",Хан-Уул,1 өдрийн өмнө,2026-03-03T04:14:10+00:00,moving,,https://www.unegui.mn/adv/9232784_amzhirgaa-achaa-zoono/,no,99091852
10163944,Портер амжиргаа машинаар ачаа ачна,,Үнэ тохирно,MNT,,"УБ — Баянгол, 3, 4 хороолол",Баянгол,1 өдрийн өмнө,2026-03-03T04:14:10+00:00,moving,,https://www.unegui.mn/adv/10163944_porter-amzhirgaa-mashinaar-achaa-achna/,no,94275490
317056,Kangaroo нүүлгэлтийн цогц үйлчилгээ,300000,"300,000₮",MNT,,"УБ — Сонгинохайрхан, 1-р хороолол",Сонгинохайрхан,2 өдрийн өмнө,2026-03-03T04:14:10+00:00,moving,,https://www.unegui.mn/adv/317056_kangaroo-nlgelt-jlchilgee/,no,91122929
7692498,"Нүүлгэнэ,ачаа ачна амжиргаа",30000,"30,000₮",MNT,,"УБ — Баянгол, 3, 4 хороолол",Баянгол,2 өдрийн өмнө,2026-03-03T04:14:10+00:00,moving,,https://www.unegui.mn/adv/7692498_achaa-achna-nuulgene-amzhirgaa-tsagaan/,no,95983362
8344052,Хог ачна,40000,"40,000₮",MNT,,"УБ — Баянгол, 3, 4 хороолол",Баянгол,2 өдрийн өмнө,2026-03-03T04:14:10+00:00,moving,,https://www.unegui.mn/adv/8344052_khog-achna/,no,96055737
10163507,Porter mashinaar achaa achna,,Үнэ тохирно,MNT,,"УБ — Хан-Уул, Хан-Уул, Хороо 21",Хан-Уул,2 өдрийн өмнө,2026-03-03T04:14:10+00:00,moving,,https://www.unegui.mn/adv/10163507_porter-mashinaar-achaa-achna-utas-89999377/,no,89999377
8343744,Амжиргаа ачаа ачна,5000,"5,000₮",MNT,,"УБ — Хан-Уул, Нисэх",Хан-Уул,2 өдрийн өмнө,2026-03-03T04:14:10+00:00,moving,,https://www.unegui.mn/adv/8343744_amzhirgaa-achaa-achna/,no,90463339
10161531,Портер машин ачаа ачна,,Үнэ тохирно,MNT,,"УБ — Баянзүрх, Баянзүрх, Хороо 35",Баянзүрх,3 өдрийн өмнө,2026-03-03T04:14:10+00:00,moving,,https://www.unegui.mn/adv/10161531_porter-mashinaar-achaa-achna/,no,91334680
5519485,"Ачаа ачна, нүүлгэнэ",20000,"20,000₮",MNT,,"УБ — Баянгол, 25-р эмийн сан",Баянгол,3 өдрийн өмнө,2026-03-03T04:14:10+00:00,moving,,https://www.unegui.mn/adv/5519485_amzhirgaagaar-achaa-achna-nuulgene/,no,99834924
5649768,Hog achina,1,1₮,MNT,,"УБ — Баянзүрх, 16-р хороолол",Баянзүрх,3 өдрийн өмнө,2026-03-03T04:14:10+00:00,moving,,https://www.unegui.mn/adv/5649768_hog-achina/,no,88010240
9503884,"Krantai mashinaar achaa zuunu, achaa urgunu buulgana",2,2₮,MNT,,"УБ — Баянгол, Баруун 4 зам",Баянгол,3 өдрийн өмнө,2026-03-03T04:14:10+00:00,moving,,https://www.unegui.mn/adv/9503884_krantai-mashinaar-achaa-zuunu-achaa-urgunu-buulgana/,no,96006410
7495728,Тээвэр,,Үнэ тохирно,MNT,,"УБ — Хан-Уул, Яармаг",Хан-Уул,3 өдрийн өмнө,2026-03-03T04:14:10+00:00,moving,,https://www.unegui.mn/adv/7495728_teever/,no,99085936
7448099,Амжиргаа ачаа ачна,30000,"30,000₮",MNT,,"УБ — Хан-Уул, Хан-Уул, Хороо 1",Хан-Уул,3 өдрийн өмнө,2026-03-03T04:14:10+00:00,moving,,https://www.unegui.mn/adv/7448099_amzhirgaa-achaa-achna/,no,99072138
10160464,Хүнсний хүргэлт хийнэ,1,1₮,MNT,,"УБ — Баянзүрх, 15-р хороолол",Баянзүрх,3 өдрийн өмнө,2026-03-03T04:14:10+00:00,moving,,https://www.unegui.mn/adv/10160464_khunsnii-khurgelt-khiine/,no,86862357
7952495,Амжиргаа ачаа ачна,35000,"35,000₮",MNT,,"УБ — Баянгол, 3, 4 хороолол",Баянгол,3 өдрийн өмнө,2026-03-03T04:14:10+00:00,moving,,https://www.unegui.mn/adv/7952495_amzhirgaa-achaa-achna/,no,95630069
10021608,Ачаа ачна,1000,"1,000₮",MNT,,"УБ — Сонгинохайрхан, 1-р хороолол",Сонгинохайрхан,3 өдрийн өмнө,2026-03-03T04:14:10+00:00,moving,,https://www.unegui.mn/adv/10021608_achaa-achina/,no,80556077
4994312,Крантай машин,100000,"100,000₮",MNT,,"УБ — Баянзүрх, Офицер",Баянзүрх,4 өдрийн өмнө,2026-03-03T04:14:10+00:00,moving,,https://www.unegui.mn/adv/4994312_azhil-uilchilgee/,no,88060447
4564976,Амьжиргаа цагаан машинаар ачаа,40000,"40,000₮",MNT,,"УБ — Баянзүрх, 16-р хороолол",Баянзүрх,4 өдрийн өмнө,2026-03-03T04:14:10+00:00,moving,,https://www.unegui.mn/adv/4564976_amzhirgaagaar-achaa-achna/,no,98202415
8660342,Хог ачна,40000,"40,000₮",MNT,,"УБ — Баянгол, Баруун 4 зам",Баянгол,4 өдрийн өмнө,2026-03-03T04:14:10+00:00,moving,,https://www.unegui.mn/adv/8660342_khog-achna/,no,99834924
9886168,Хог ачна,40000,"40,000₮",MNT,,"УБ — Баянгол, 10-р хороолол",Баянгол,4 өдрийн өмнө,2026-03-03T04:14:10+00:00,moving,,https://www.unegui.mn/adv/9886168_khog-achna/,no,90275737
9484342,Крантай машинаар нүүлгэлт тээвэр,100000,"100,000₮",MNT,,"УБ — Баянзүрх, Офицер",Баянзүрх,4 өдрийн өмнө,2026-03-03T04:14:10+00:00,moving,,https://www.unegui.mn/adv/9484342_krantai-mashinaar-azhildkhiamd-turgen-shuurkhai-uilchilne-sos-khiine-mashin-achna/,no,88667066
10005457,Хөргүүртэй маяти ачаа тээвэр хийнэ,100000,"100,000₮",MNT,,"УБ — Баянзүрх, 16-р хороолол",Баянзүрх,4 өдрийн өмнө,2026-03-03T04:14:10+00:00,moving,,https://www.unegui.mn/adv/10005457_khorguurtei-maiati-achaa-teever-khiine-khamtarch-azhillana/,no,88667066
10098088,Ниссан атлас тээвэр хийнэ,100000,"100,000₮",MNT,,"УБ — Хан-Уул, Яармаг",Хан-Уул,4 өдрийн өмнө,2026-03-03T04:14:10+00:00,moving,,https://www.unegui.mn/adv/10098088_nissan-atlas-teever/,no,80434864
7792394,Barilgiin hog.барилгын хог тээвэр,280000,"280,000₮",MNT,,"УБ — Налайх, Налайх, Хороо 4",Налайх,5 өдрийн өмнө,2026-03-03T04:14:10+00:00,moving,,https://www.unegui.mn/adv/7792394_barilgiin-hog-duudlagaar-achina/,no,86063530
10156007,Ачаа ачина,1,1₮,MNT,,"УБ — Баянзүрх, Баянзүрх, Хороо 13",Баянзүрх,5 өдрийн өмнө,2026-03-03T04:14:10+00:00,moving,,https://www.unegui.mn/adv/10156007_achaa-bainga-achna/,no,91236664
1843578,Айл гэр албан байгууллагад оффисын нүүлгэлт,1,1₮,MNT,,"УБ — Баянгол, Баруун 4 зам",Баянгол,5 өдрийн өмнө,2026-03-03T04:14:10+00:00,moving,,https://www.unegui.mn/adv/1843578_ail-ger-alban-baiguullaga-offisyn-nuulgelt/,no,80135011
7962452,"Хог ачна, амжиргаа цагаанаар",40000,"40,000₮",MNT,,"УБ — Баянгол, Баруун 4 зам",Баянгол,5 өдрийн өмнө,2026-03-03T04:14:10+00:00,moving,,https://www.unegui.mn/adv/7962452_khog-achna-amzhirgaa-tsagaanaar/,no,99530762
9202436,Нүүлгэлт тээвэрт явна,10000,"10,000₮",MNT,,"УБ — Сонгинохайрхан, 1-р хороолол",Сонгинохайрхан,5 өдрийн өмнө,2026-03-03T04:14:10+00:00,moving,,https://www.unegui.mn/adv/9202436_10000/,no,88839592
10120621,Кантер машинаар ачаа ачна,,Үнэ тохирно,MNT,,"УБ — Баянзүрх, Сансар",Баянзүрх,5 өдрийн өмнө,2026-03-03T04:14:10+00:00,moving,,https://www.unegui.mn/adv/10120621_kanter-mashinaar-achaa-achna-niiluulne/,no,88765128
10154185,Хово сомосмолоор тээвэр хийнэ,100000,"100,000₮",MNT,,"УБ — Баянзүрх, Баянзүрх, Хороо 10",Баянзүрх,5 өдрийн өмнө,2026-03-03T04:14:10+00:00,moving,,https://www.unegui.mn/adv/10154185_khovo-somosmoloor-teever-khiine/,no,88883564
9477754,"5tonn kran,крантай vilchilgee",,Үнэ тохирно,MNT,,"УБ — Баянзүрх, Амгалан",Баянзүрх,6 өдрийн өмнө,2026-03-03T04:14:10+00:00,moving,,https://www.unegui.mn/adv/9477754_5tonn-kran-krantai-vilchilgee/,no,96516181
10152286,Бүх төрлийн ачаа ачна,,Үнэ тохирно,MNT,,"УБ — Чингэлтэй, Зурагт",Чингэлтэй,6 өдрийн өмнө,2026-03-03T04:14:10+00:00,moving,,https://www.unegui.mn/adv/10152286_bukh-torliin-achaa-achna/,no,88303640
5369191,Porter mashin achaa achna,1,1₮,MNT,,"УБ — Баянзүрх, Офицер",Баянзүрх,6 өдрийн өмнө,2026-03-03T04:14:10+00:00,moving,,https://www.unegui.mn/adv/5369191_porter-mashin-achaa-achna/,no,88762874
4469338,Achaa achna,,Үнэ тохирно,MNT,,"УБ — Чингэлтэй, Чингэлтэй, Хороо 8",Чингэлтэй,6 өдрийн өмнө,2026-03-03T04:14:10+00:00,moving,,https://www.unegui.mn/adv/4469338_achaa-achna/,no,88318328
3870411,Нүүлгэлтийн цогц үйлчилгээ,300000,"300,000₮",MNT,,"УБ — Сонгинохайрхан, 1-р хороолол",Сонгинохайрхан,6 өдрийн өмнө,2026-03-03T04:14:10+00:00,moving,,https://www.unegui.mn/adv/3870411_kangaroo-nuulgelt-uilchilgee/,no,91312929
9957267,Ачаа ачна,,Үнэ тохирно,MNT,,"УБ — Чингэлтэй, Чингэлтэй",Чингэлтэй,6 өдрийн өмнө,2026-03-03T04:14:10+00:00,moving,,https://www.unegui.mn/adv/9957267_achaa-achna/,no,98064410
3995088,Porter 2 aчаа,80,80₮,MNT,,"УБ — Сонгинохайрхан, Сонгинохайрхан, Хороо 17",Сонгинохайрхан,6 өдрийн өмнө,2026-03-03T04:14:10+00:00,moving,,https://www.unegui.mn/adv/3995088_porter-2-achaa-achina/,no,99151131
9450750,Хот хөдөө ачаа ачина,,Үнэ тохирно,MNT,,"УБ — Сонгинохайрхан, 5 шар",Сонгинохайрхан,6 өдрийн өмнө,2026-03-03T04:14:15+00:00,moving,,https://www.unegui.mn/adv/9450750_khot-khodoo-achaa-achin/,no,88839592
8141237,Hog achna,280000,"280,000₮",MNT,,"УБ — Баянзүрх, Амгалан",Баянзүрх,1 долоо хоногийн өмнө,2026-03-03T04:14:15+00:00,moving,,https://www.unegui.mn/adv/8141237_khog-teever/,no,88010240
9174128,Хог ачна тээвэр хийнэ.,200000,"200,000₮",MNT,,"УБ — Баянзүрх, 13-р хороолол",Баянзүрх,1 долоо хоногийн өмнө,2026-03-03T04:14:15+00:00,moving,,https://www.unegui.mn/adv/9174128_khog-achna-bukh-torliin-teever-khiine/,no,88763310
8893373,Ачаа тээвэр хог ачина,200000,"200,000₮",MNT,,"УБ — Баянзүрх, Офицер",Баянзүрх,1 долоо хоногийн өмнө,2026-03-03T04:14:15+00:00,moving,,https://www.unegui.mn/adv/8893373_achaa-teever-khog-achina/,no,88763310
7364191,Крантай машинаар хот хөдөө тээвэр хийнэ,,Үнэ тохирно,MNT,,"УБ — Сонгинохайрхан, Сонсголон",Сонгинохайрхан,1 долоо хоногийн өмнө,2026-03-03T04:14:15+00:00,moving,,https://www.unegui.mn/adv/7364191_krantai-mashinaar-khot-khodoo-teever-khiine/,no,99709890
9454555,Крантай машин,,Үнэ тохирно,MNT,,"УБ — Сонгинохайрхан, Сонсголон",Сонгинохайрхан,1 долоо хоногийн өмнө,2026-03-03T04:14:15+00:00,moving,,https://www.unegui.mn/adv/9454555_krantai-mashin/,no,99709890
9370302,Крантай машин,,Үнэ тохирно,MNT,,"УБ — Сонгинохайрхан, Сонсголон",Сонгинохайрхан,1 долоо хоногийн өмнө,2026-03-03T04:14:15+00:00,moving,,https://www.unegui.mn/adv/9370302_krantai-mashin/,no,99709890
9246501,Крантай машин,,Үнэ тохирно,MNT,,"УБ — Сонгинохайрхан, Сонсголон",Сонгинохайрхан,1 долоо хоногийн өмнө,2026-03-03T04:14:15+00:00,moving,,https://www.unegui.mn/adv/9246501_krantai-mashinaar-uilchilne/,no,99709890
9017524,Krantai mashinaar ajil hiine,,Үнэ тохирно,MNT,,"УБ — Сонгинохайрхан, Сонсголон",Сонгинохайрхан,1 долоо хоногийн өмнө,2026-03-03T04:14:15+00:00,moving,,https://www.unegui.mn/adv/9017524_krantai-mashinaar-ajil-hiine/,no,99709890
10149468,Хог ачна,,Үнэ тохирно,MNT,,"УБ — Баянзүрх, Шар хад",Баянзүрх,1 долоо хоногийн өмнө,2026-03-03T04:14:15+00:00,moving,,https://www.unegui.mn/adv/10149468_khog-achna/,no,99957740
10001085,5 тонны кантер,150000,"150,000₮",MNT,,"УБ — Баянзүрх, Баянзүрх, Хороо 15",Баянзүрх,1 долоо хоногийн өмнө,2026-03-03T04:14:15+00:00,moving,,https://www.unegui.mn/adv/10001085_5-tonny-kanter-tureeselne/,no,99824082
8845434,3-т кран ажил хийнэ,60000,"60,000₮",MNT,,"УБ — Баянзүрх, Товчоо",Баянзүрх,1 долоо хоногийн өмнө,2026-03-03T04:14:15+00:00,moving,,https://www.unegui.mn/adv/8845434_3t-kran-azhil-khiine/,no,80924000
3777472,Porteroor achaa achna,10000,"10,000₮",MNT,,"УБ — Баянгол, 3, 4 хороолол",Баянгол,1 долоо хоногийн өмнө,2026-03-03T04:14:15+00:00,moving,,https://www.unegui.mn/adv/3777472_nuulgelt-teever/,no,96662004
9927834,Зөөвөр хийнэ,1,1₮,MNT,,"УБ — Баянзүрх, Баянзүрх, Хороо 37",Баянзүрх,1 долоо хоногийн өмнө,2026-03-03T04:14:15+00:00,moving,,https://www.unegui.mn/adv/9927834_zoovor-khiine/,no,95687732
9880247,Дуудлагын авто ачигч,,Үнэ тохирно,MNT,,"УБ — Хан-Уул, 19-р хороолол",Хан-Уул,1 долоо хоногийн өмнө,2026-03-03T04:14:15+00:00,moving,,https://www.unegui.mn/adv/9880247_duudlagyn-avto-achigch/,no,80101004
9931710,Хово машинаар хог ачна,,Үнэ тохирно,MNT,,"УБ — Баянзүрх, Амгалан",Баянзүрх,1 долоо хоногийн өмнө,2026-03-03T04:14:15+00:00,moving,,https://www.unegui.mn/adv/9931710_khovo-mashinaar-khog-achna/,no,88089717
8816927,Барилгын хог ачна,1,1₮,MNT,,"УБ — Баянзүрх, Офицер",Баянзүрх,1 долоо хоногийн өмнө,2026-03-03T04:14:15+00:00,moving,,https://www.unegui.mn/adv/8816927_barilgyn-khog/,no,88089717
8817259,Барилгын хог ачна,300000,"300,000₮",MNT,,"УБ — Баянзүрх, Цайз 16",Баянзүрх,1 долоо хоногийн өмнө,2026-03-03T04:14:15+00:00,moving,,https://www.unegui.mn/adv/8817259_barilgyn-khog-achna/,no,88052302
7638515,Хог ачна,150000,"150,000₮",MNT,,"УБ — Баянзүрх, Офицер",Баянзүрх,1 долоо хоногийн өмнө,2026-03-03T04:14:15+00:00,moving,,https://www.unegui.mn/adv/7638515_khog-achna/,no,88089717
10147241,Амьжиргаа ачаа ачна,60000,"60,000₮",MNT,,"УБ — Баянзүрх, Баянзүрх, Хороо 13",Баянзүрх,1 долоо хоногийн өмнө,2026-03-03T04:14:15+00:00,moving,,https://www.unegui.mn/adv/10147241_amzhirgaa-achaa-achna/,no,90072404
444676,Шланз машинаар aчаа тээвэрлэнэ,,Үнэ тохирно,MNT,,"УБ — Сонгинохайрхан, Сонгинохайрхан, Хороо 20",Сонгинохайрхан,1 долоо хоногийн өмнө,2026-03-03T04:14:15+00:00,moving,,https://www.unegui.mn/adv/444676_shlanz-mashinuudaar-hot-dotor-bolon-hd-oron-nutagt-teever-hijnee/,no,88013141
8519500,Хог ачна,30000,"30,000₮",MNT,,"УБ — Баянгол, Баруун 4 зам",Баянгол,1 долоо хоногийн өмнө,2026-03-03T04:14:15+00:00,moving,,https://www.unegui.mn/adv/8519500_khog-achna/,no,99520078
8964933,Zooмlion кран,10000,"10,000₮",MNT,,"УБ — Сонгинохайрхан, Сонгинохайрхан, Хороо 20",Сонгинохайрхан,1 долоо хоногийн өмнө,2026-03-03T04:14:15+00:00,moving,,https://www.unegui.mn/adv/8964933_20-25-30-35-50-55tonnyn-kran-azhil-khiine/,no,88123051
9224669,Тээвэр,,Үнэ тохирно,MNT,,"УБ — Хан-Уул, Яармаг",Хан-Уул,1 долоо хоногийн өмнө,2026-03-03T04:14:15+00:00,moving,,https://www.unegui.mn/adv/9224669_teever/,no,99085936
8587699,Хог ачна,40000,"40,000₮",MNT,,"УБ — Баянгол, 3, 4 хороолол",Баянгол,1 долоо хоногийн өмнө,2026-03-03T04:14:15+00:00,moving,,https://www.unegui.mn/adv/8587699_khog-achna/,no,99331962
7446925,Barilgin hog achilt,300000,"300,000₮",MNT,,"УБ — Баянзүрх, 14-р хороолол",Баянзүрх,1 долоо хоногийн өмнө,2026-03-03T04:14:15+00:00,moving,,https://www.unegui.mn/adv/7446925_9m3-4m3-barilgin-hog-achilt/,no,96376060
8925833,Хог тээвэр,300000,"300,000₮",MNT,,"УБ — Баянзүрх, 14-р хороолол",Баянзүрх,1 долоо хоногийн өмнө,2026-03-03T04:14:15+00:00,moving,,https://www.unegui.mn/adv/8925833_khog-teever/,no,96376060
7436894,els hairga bolon teewer uilchilge,380000,"380,000₮",MNT,,"УБ — Налайх, Налайх, Хороо 4",Налайх,1 долоо хоногийн өмнө,2026-03-03T04:14:15+00:00,moving,,https://www.unegui.mn/adv/7436894_els-hairga-toosgo/,no,96376060
8515206,Нүүлгэнэ ачаа ачна,30000,"30,000₮",MNT,,"УБ — Баянгол, Баруун 4 зам",Баянгол,1 долоо хоногийн өмнө,2026-03-03T04:14:15+00:00,moving,,https://www.unegui.mn/adv/8515206_nuulgene-achaa-achna/,no,99520078
8871945,Хог ачна,40000,"40,000₮",MNT,,"УБ — Баянгол, 25-р эмийн сан",Баянгол,1 долоо хоногийн өмнө,2026-03-03T04:14:15+00:00,moving,,https://www.unegui.mn/adv/8871945_khog-achna/,no,98295808
9500648,Amjirgaa achaa achna,,Үнэ тохирно,MNT,,"УБ — Сонгинохайрхан, 21-р хороолол",Сонгинохайрхан,1 долоо хоногийн өмнө,2026-03-03T04:14:15+00:00,moving,,https://www.unegui.mn/adv/9500648_amjirgaa/,no,80135011
8849850,"Ачаа ачна,нүүлгэнэ",30000,"30,000₮",MNT,,"УБ — Баянгол, Баруун 4 зам",Баянгол,1 долоо хоногийн өмнө,2026-03-03T04:14:15+00:00,moving,,https://www.unegui.mn/adv/8849850_achaa-achna-nuulgene/,no,98295808
8243389,Хог ачна,30000,"30,000₮",MNT,,"УБ — Баянгол, 3, 4 хороолол",Баянгол,1 долоо хоногийн өмнө,2026-03-03T04:14:15+00:00,moving,,https://www.unegui.mn/adv/8243389_khog-achna/,no,80900802
10144221,машин ачаа ачина,8,8₮,MNT,,"УБ — Сонгинохайрхан, Сонгинохайрхан, Хороо 10",Сонгинохайрхан,1 долоо хоногийн өмнө,2026-03-03T04:14:15+00:00,moving,,https://www.unegui.mn/adv/10144221_bukh-torliin-mashin-achaa-achina/,no,88558822
9385495,"Амжиргаа цагаанаар ачаа ачна, нүүлгэнэ",40000,"40,000₮",MNT,,"УБ — Баянгол, 10-р хороолол",Баянгол,1 долоо хоногийн өмнө,2026-03-03T04:14:15+00:00,moving,,https://www.unegui.mn/adv/9385495_amzhirgaa-tsagaanaar-achaa-achna-nuulgene/,no,60065808
9412732,Porter,1000,"1,000₮",MNT,,"УБ — Хан-Уул, 120 мянгат",Хан-Уул,1 долоо хоногийн өмнө,2026-03-03T04:14:15+00:00,moving,,https://www.unegui.mn/adv/9412732_porter/,no,99695053
8321774,"Хог ачна,амжиргаа цагаан",40000,"40,000₮",MNT,,"УБ — Баянгол, 10-р хороолол",Баянгол,2 долоо хоногийн өмнө,2026-03-03T04:14:15+00:00,moving,,https://www.unegui.mn/adv/8321774_khog-achna-amzhirgaa-tsagaan/,no,88711962
8449704,"Ачаа ачна,нүүлгэнэ амжиргаа цагаан",30000,"30,000₮",MNT,,"УБ — Баянгол, 10-р хороолол",Баянгол,2 долоо хоногийн өмнө,2026-03-03T04:14:15+00:00,moving,,https://www.unegui.mn/adv/8449704_achaa-achna-nuulgene-amzhirgaa-tsagaan/,no,88711962
8803211,Хог ачна,40000,"40,000₮",MNT,,"УБ — Баянгол, 3, 4 хороолол",Баянгол,2 долоо хоногийн өмнө,2026-03-03T04:14:15+00:00,moving,,https://www.unegui.mn/adv/8803211_khog-achna/,no,95983362
10143482,Бүх төрлийн нүүлгэлт үйлчилгээ,,Үнэ тохирно,MNT,,"УБ — Баянгол, Баруун 4 зам",Баянгол,2 долоо хоногийн өмнө,2026-03-03T04:14:15+00:00,moving,,https://www.unegui.mn/adv/10143482_ail-nuulgelt-bukh-torliin-nuulgelt-uilchilgee-achaa-teever/,no,80663216
10142391,Портер машинаар ачаа ачна,150000,"150,000₮",MNT,,"УБ — Сонгинохайрхан, Сонгинохайрхан, Хороо 31",Сонгинохайрхан,2 долоо хоногийн өмнө,2026-03-03T04:14:15+00:00,moving,,https://www.unegui.mn/adv/10142391_porter-mashinaar-achaa-achna/,no,99249411
9723350,Хог ачна.,40000,"40,000₮",MNT,,"УБ — Баянгол, Баруун 4 зам",Баянгол,2 долоо хоногийн өмнө,2026-03-03T04:14:15+00:00,moving,,https://www.unegui.mn/adv/9723350_khog-achna/,no,60065808
5815351,Achaa achna mighty achaa achna nuulgelt hiine,200000,"200,000₮",MNT,,"УБ — Чингэлтэй, Хайлааст",Чингэлтэй,2 долоо хоногийн өмнө,2026-03-03T04:14:15+00:00,moving,,https://www.unegui.mn/adv/5815351_achaa-teever-hiine-ail-nuulgene/,no,88066420
9104972,Нүүлгэлт тээвэр,,Үнэ тохирно,MNT,,"УБ — Баянгол, Богд-Ар",Баянгол,2 долоо хоногийн өмнө,2026-03-03T04:14:15+00:00,moving,,https://www.unegui.mn/adv/9104972_nuulgelt-teever/,no,95147411
7361395,Porter achaa achna,5900,"5,900₮",MNT,,"УБ — Баянгол, 10-р хороолол",Баянгол,2 долоо хоногийн өмнө,2026-03-03T04:14:15+00:00,moving,,https://www.unegui.mn/adv/7361395_porter-achaa-achna/,no,96096767
9215658,Mazda bongo,20000,"20,000₮",MNT,,"УБ — Баянзүрх, Сансар",Баянзүрх,2 долоо хоногийн өмнө,2026-03-03T04:14:15+00:00,moving,,https://www.unegui.mn/adv/9215658_mazda-bongo/,no,80833316
9547008,Нүүлгэлт,,Үнэ тохирно,MNT,,"УБ — Баянзүрх, Баянзүрх, Хороо 14",Баянзүрх,2 долоо хоногийн өмнө,2026-03-03T04:14:15+00:00,moving,,https://www.unegui.mn/adv/9547008_nuulgelt/,no,80005083
10138662,Ачаа ачна,,Үнэ тохирно,MNT,,"УБ — Сонгинохайрхан, Ханын материал",Сонгинохайрхан,2 долоо хоногийн өмнө,2026-03-03T04:14:15+00:00,moving,,https://www.unegui.mn/adv/10138662_achaa-achina/,no,80006184
9334979,Hot hodoo achaa achna,100000,"100,000₮",MNT,,"УБ — Баянзүрх, Амгалан",Баянзүрх,2 долоо хоногийн өмнө,2026-03-03T04:14:15+00:00,moving,,https://www.unegui.mn/adv/9334979_hot-hodoo-achaa-achna/,no,99046292
9316922,Achaa achna,100000,"100,000₮",MNT,,"УБ — Баянзүрх, Амгалан",Баянзүрх,2 долоо хоногийн өмнө,2026-03-03T04:14:15+00:00,moving,,https://www.unegui.mn/adv/9316922_turgen-shuurhai-achaa-achna/,no,99046292
9691847,5tn bolon porter mashinaar achaa achna hot hodoo,100000,"100,000₮",MNT,,"УБ — Баянзүрх, Амгалан",Баянзүрх,2 долоо хоногийн өмнө,2026-03-03T04:14:15+00:00,moving,,https://www.unegui.mn/adv/9691847_5tn-bolon-porter-mashinaar-achaa-achna-hot-hodoo/,no,99046292
9676907,Ачаа ачна чиргүүлтэй,100000,"100,000₮",MNT,,"УБ — Баянзүрх, Улиастай",Баянзүрх,2 долоо хоногийн өмнө,2026-03-03T04:14:15+00:00,moving,,https://www.unegui.mn/adv/9676907_achaa-achna-chirguultei/,no,99046292
9691739,Achaa achna chirguultei,100000,"100,000₮",MNT,,"УБ — Баянзүрх, Ботаник",Баянзүрх,2 долоо хоногийн өмнө,2026-03-03T04:14:15+00:00,moving,,https://www.unegui.mn/adv/9691739_achaa-achna-chirguultei/,no,99046292
9676887,"Teever hiine, chirguultei",100000,"100,000₮",MNT,,"УБ — Баянзүрх, Амгалан",Баянзүрх,2 долоо хоногийн өмнө,2026-03-03T04:14:15+00:00,moving,,https://www.unegui.mn/adv/9676887_teever-hiine-chirguultei/,no,99046292
10137305,Ачаа тээвэр хийнэ,1,1₮,MNT,,"УБ — Чингэлтэй, Чингэлтэй, Хороо 10",Чингэлтэй,2 долоо хоногийн өмнө,2026-03-03T04:14:15+00:00,moving,,https://www.unegui.mn/adv/10137305_achaa-teever-khiine/,no,91155678
9794167,Achaa achnaa,,Үнэ тохирно,MNT,,"УБ — Баянгол, 25-р эмийн сан",Баянгол,2 долоо хоногийн өмнө,2026-03-03T04:14:15+00:00,moving,,https://www.unegui.mn/adv/9794167_achaa-achnaa/,no,88095545
7964300,Крантай машинаар ажил хийнэ,2,2₮,MNT,,"УБ — Баянгол, 3, 4 хороолол",Баянгол,2 долоо хоногийн өмнө,2026-03-03T04:14:15+00:00,moving,,https://www.unegui.mn/adv/7964300_krantai-mashinaar-azhil-khiine/,no,99121075
10130098,Портер ачаа ачна,,Үнэ тохирно,MNT,,"УБ — Хан-Уул, Хан-Уул, Хороо 23",Хан-Уул,2 долоо хоногийн өмнө,2026-03-03T04:14:15+00:00,moving,,https://www.unegui.mn/adv/10130098_porter-achaa-achna/,no,95075511
10126528,Ачаа ачна,50000,"50,000₮",MNT,,"УБ — Сонгинохайрхан, Сонгинохайрхан, Хороо 16",Сонгинохайрхан,3 долоо хоногийн өмнө,2026-03-03T04:14:15+00:00,moving,,https://www.unegui.mn/adv/10126528_achaa-achna/,no,99039334
8507464,Amjirgaa acha achna,,Үнэ тохирно,MNT,,"УБ — Хан-Уул, 19-р хороолол",Хан-Уул,3 долоо хоногийн өмнө,2026-03-03T04:14:15+00:00,moving,,https://www.unegui.mn/adv/8507464_amjirga-acha-achin/,no,88121786
888973,Портероор ачаа ачна,,Үнэ тохирно,MNT,,"УБ — Сүхбаатар, Сүхбаатар, Хороо 1",Сүхбаатар,1 цагийн өмнө,2026-03-03T04:16:34+00:00,moving,,https://www.unegui.mn/adv/888973_porteroor-achaa-achna/,no,89033459
2480026,Портер ачаа ачна 24 цаг,20000,"20,000₮",MNT,,"УБ — Сүхбаатар, Сүхбаатар, Хороо 1",Сүхбаатар,Өчигдөр,2026-03-03T04:16:34+00:00,moving,,https://www.unegui.mn/adv/2480026_amjirgaa-achaa-achna-24tsag/,no,80330925
8524462,Дэлгэр нүүлгэлт,120000,"120,000₮",MNT,,"УБ — Сүхбаатар, Сүхбаатар, Хороо 1",Сүхбаатар,Өчигдөр,2026-03-03T04:16:34+00:00,moving,,https://www.unegui.mn/adv/8524462_nuulgelt/,no,95645264
7228424,Портер ачаа ачна,,Үнэ тохирно,MNT,,"УБ — Сүхбаатар, 11-р хороолол",Сүхбаатар,2 өдрийн өмнө,2026-03-03T04:16:34+00:00,moving,,https://www.unegui.mn/adv/7228424_porter-achaa-achna/,no,70703333
5326702,Амьжиргаа ачаа ачна,20000,"20,000₮",MNT,,"УБ — Сүхбаатар, Сүхбаатар, Хороо 1",Сүхбаатар,Өчигдөр,2026-03-03T04:16:34+00:00,moving,,https://www.unegui.mn/adv/5326702_amzhirgaa-achaa-achna/,no,88644108
3651388,Амьжиргаа ачаа ачна,,Үнэ тохирно,MNT,,"УБ — Сүхбаатар, Их тойруу",Сүхбаатар,3 өдрийн өмнө,2026-03-03T04:16:34+00:00,moving,,https://www.unegui.mn/adv/3651388_amzhirgaa-achaa-achina/,no,89031930
6922142,Нүүлгэлт,10,10₮,MNT,,"УБ — Сүхбаатар, Сүхбаатар, Хороо 1",Сүхбаатар,5 өдрийн өмнө,2026-03-03T04:16:34+00:00,moving,,https://www.unegui.mn/adv/6922142_turgen-shuurkhai-uilchilne/,no,94077334
2645174,Krantai mashinar ajil hiine,10000,"10,000₮",MNT,,"УБ — Сүхбаатар, Сүхбаатар, Хороо 1",Сүхбаатар,5 өдрийн өмнө,2026-03-03T04:16:34+00:00,moving,,https://www.unegui.mn/adv/2645174_krantai-mashinar-ajil-hiine/,no,99713077
9101408,Нүүлгэлтийн үйлчилгээ,350000,"350,000₮",MNT,,"УБ — Сүхбаатар, Сүхбаатар, Хороо 1",Сүхбаатар,1 долоо хоногийн өмнө,2026-03-03T04:16:34+00:00,moving,,https://www.unegui.mn/adv/9101408_nuulgeltiin-uilchilgee/,no,80005078
8077268,Ачаа тээвэр нүүлгэлт хүргэлт,100000,"100,000₮",MNT,,"УБ — Сүхбаатар, 100 айл",Сүхбаатар,2 долоо хоногийн өмнө,2026-03-03T04:16:34+00:00,moving,,https://www.unegui.mn/adv/8077268_porter-achaa-achna/,no,99172109
9913227,Porter ачаа ачна,50000,"50,000₮",MNT,,"УБ — Сүхбаатар, 11-р хороолол",Сүхбаатар,3 долоо хоногийн өмнө,2026-03-03T04:16:34+00:00,moving,,https://www.unegui.mn/adv/9913227_porter-achaa-achna/,no,98982598
4086111,Крантай машинаар үйлчилнэ,1,1₮,MNT,,"УБ — Сүхбаатар, Сүхбаатар, Хороо 1",Сүхбаатар,3 долоо хоногийн өмнө,2026-03-03T04:16:34+00:00,moving,,https://www.unegui.mn/adv/4086111_krantai-mashin-tureesluulekh-buiuu-khamtarch-azhillana/,no,94077334
8034433,Амжиргаа цагаан ачаа ачна,,Үнэ тохирно,MNT,,"УБ — Сүхбаатар, 11-р хороолол",Сүхбаатар,1 сарын өмнө,2026-03-03T04:16:34+00:00,moving,,https://www.unegui.mn/adv/8034433_amzhirgaa-tsagaan-achaa-achna/,no,70703333
6376864,Porter achaa achna,60000,"60,000₮",MNT,,"УБ — Сүхбаатар, 100 айл",Сүхбаатар,1 сарын өмнө,2026-03-03T04:16:34+00:00,moving,,https://www.unegui.mn/adv/6376864_porter-achaa-achna/,no,70703333
9300438,"Амжиргаа цагаан ачаа ачна, нүүлгэнэ.",40000,"40,000₮",MNT,,"УБ — Сүхбаатар, Сүхбаатар, Хороо 1",Сүхбаатар,1 цагийн өмнө,2026-03-03T04:16:34+00:00,moving,,https://www.unegui.mn/adv/9300438_achaa-achna-nuulgene-amzhirgaa/,no,99725808
2010426,Хино шланз машинаар хот хөдөөд тээвэр хийнэ,,Үнэ тохирно,MNT,,"УБ — Сүхбаатар, Сүхбаатар, Хороо 1",Сүхбаатар,Өчигдөр,2026-03-03T04:16:34+00:00,moving,,https://www.unegui.mn/adv/2010426_khino-shlanz-mashinaar-khot-khodood-teever-khiine/,no,99845652
4596322,Porter amjirgaa achaa achna,30000,"30,000₮",MNT,,"УБ — Сүхбаатар, Сүхбаатар, Хороо 1",Сүхбаатар,Өчигдөр,2026-03-03T04:16:34+00:00,moving,,https://www.unegui.mn/adv/4596322_qr-kodtoi-porter-amjirgaa-achaa-achna/,no,88228894
8454664,Amjirgaa achaa achinа,,Үнэ тохирно,MNT,,"УБ — Сүхбаатар, 100 айл",Сүхбаатар,Өчигдөр,2026-03-03T04:16:34+00:00,moving,,https://www.unegui.mn/adv/8454664_amjirgaa-achaa-achin/,no,88014299
9113352,Хог ачна,40000,"40,000₮",MNT,,"УБ — Сүхбаатар, Сүхбаатар, Хороо 1",Сүхбаатар,Өчигдөр,2026-03-03T04:16:34+00:00,moving,,https://www.unegui.mn/adv/9113352_khog-achna/,no,99725808
289480,3-7 тонны крантай машинаар ажил хийнэ,10000,"10,000₮",MNT,,"УБ — Сүхбаатар, Сүхбаатар, Хороо 1",Сүхбаатар,1 өдрийн өмнө,2026-03-03T04:16:34+00:00,moving,,https://www.unegui.mn/adv/289480_krantai-mashinaar-ajil-hiine-99047381/,no,99047381
8002824,Крантай машин тээвэр хийнэ,250000,"250,000₮",MNT,,"УБ — Сүхбаатар, Сүхбаатар, Хороо 1",Сүхбаатар,1 өдрийн өмнө,2026-03-03T04:16:34+00:00,moving,,https://www.unegui.mn/adv/8002824_krantai-mashin-teever-khiine/,no,98885585
5051760,Амьжиргаа ачаа ачина,,Үнэ тохирно,MNT,,"УБ — Сүхбаатар, Сүхбаатар, Хороо 1",Сүхбаатар,1 өдрийн өмнө,2026-03-03T04:16:34+00:00,moving,,https://www.unegui.mn/adv/5051760_amzhirgaa-achaa-achina/,no,80802701
9056120,Ачаа ачна,,Үнэ тохирно,MNT,,"УБ — Сүхбаатар, Сүхбаатар, Хороо 9",Сүхбаатар,1 өдрийн өмнө,2026-03-03T04:16:34+00:00,moving,,https://www.unegui.mn/adv/9056120_khiamd/,no,89531195
3926866,Барилгын хог ачина,40000,"40,000₮",MNT,,"УБ — Сүхбаатар, Сүхбаатар, Хороо 1",Сүхбаатар,2 өдрийн өмнө,2026-03-03T04:16:34+00:00,moving,,https://www.unegui.mn/adv/3926866_barilgyn-khog-achina/,no,89402015
10163496,Ачаа ачна,1,1₮,MNT,,"УБ — Сүхбаатар, Сүхбаатар, Хороо 11",Сүхбаатар,2 өдрийн өмнө,2026-03-03T04:16:34+00:00,moving,,https://www.unegui.mn/adv/10163496_achaa-achna/,no,89050527
6381431,Howogoor teewer hiine,,Үнэ тохирно,MNT,,"УБ — Сүхбаатар, Сүхбаатар, Хороо 1",Сүхбаатар,2 өдрийн өмнө,2026-03-03T04:16:34+00:00,moving,,https://www.unegui.mn/adv/6381431_howo-goor-teewer-hiine/,no,96964044
4929806,"Амжиргаагаар ачаа ачна,нүүлгэнэ.",20000,"20,000₮",MNT,,"УБ — Сүхбаатар, Сүхбаатар, Хороо 1",Сүхбаатар,3 өдрийн өмнө,2026-03-03T04:16:34+00:00,moving,,https://www.unegui.mn/adv/4929806_achaa-achna-nuulgene/,no,96055737
8084368,Портероор ачаа ачна,,Үнэ тохирно,MNT,,"УБ — Сүхбаатар, 11-р хороолол",Сүхбаатар,3 өдрийн өмнө,2026-03-03T04:16:34+00:00,moving,,https://www.unegui.mn/adv/8084368_porteroor-achaa-achna/,no,89115067
8196186,Шаттай сагстай кранаар зөөвөр хийнэ,170000,"170,000₮",MNT,,"УБ — Сүхбаатар, 100 айл",Сүхбаатар,5 өдрийн өмнө,2026-03-03T04:16:34+00:00,moving,,https://www.unegui.mn/adv/8196186_shattai-sagstai-kranaar-zoovor-khiine/,no,83105050
3411872,"Nuulgelt hiine, teever porteruud",40000,"40,000₮",MNT,,"УБ — Сүхбаатар, Сүхбаатар, Хороо 1",Сүхбаатар,5 өдрийн өмнө,2026-03-03T04:16:34+00:00,moving,,https://www.unegui.mn/adv/3411872_nuulgelt-hiine/,no,99162040
6042125,"Нүүлгэнэ,ачаа ачна амжиргаа цагаан",20000,"20,000₮",MNT,,"УБ — Сүхбаатар, Сүхбаатар, Хороо 1",Сүхбаатар,5 өдрийн өмнө,2026-03-03T04:16:34+00:00,moving,,https://www.unegui.mn/adv/6042125_amzhirgaa-tsagaan-mashinaar-achaa-achna-nuulgene/,no,99323762
10155076,Айл оффис нүүлгэлт,1,1₮,MNT,,"УБ — Сүхбаатар, Сүхбаатар, Хороо 2",Сүхбаатар,5 өдрийн өмнө,2026-03-03T04:16:34+00:00,moving,,https://www.unegui.mn/adv/10155076_ail-offis-nuulgelt/,no,80043588
7092599,Шаттай кранаар зөөвөр хийнэ,150000,"150,000₮",MNT,,"УБ — Сүхбаатар, Сүхбаатар, Хороо 1",Сүхбаатар,5 өдрийн өмнө,2026-03-03T04:16:34+00:00,moving,,https://www.unegui.mn/adv/7092599_shattai-kranaar-zoovor-khiine/,no,88183136
3470785,Зөөвөр хийнэ,150000,"150,000₮",MNT,,"УБ — Сүхбаатар, Сүхбаатар, Хороо 1",Сүхбаатар,5 өдрийн өмнө,2026-03-03T04:16:34+00:00,moving,,https://www.unegui.mn/adv/3470785_sataariigaar-azhil-khiine-zoovor-khiine/,no,88183136
1331097,Porter 24 tsagaar achaa achna,50000,"50,000₮",MNT,,"УБ — Сүхбаатар, Сүхбаатар, Хороо 1",Сүхбаатар,6 өдрийн өмнө,2026-03-03T04:16:34+00:00,moving,,https://www.unegui.mn/adv/1331097_1t-porter-achaa-achina/,no,99162040
6242739,Крантай машинаар тээвэр хийнэ,,Үнэ тохирно,MNT,,"УБ — Сүхбаатар, Сүхбаатар, Хороо 1",Сүхбаатар,6 өдрийн өмнө,2026-03-03T04:16:34+00:00,moving,,https://www.unegui.mn/adv/6242739_krantai-mashinaar-teever-khiine/,no,86036080
4991851,"Ачаа ачна,нүүлгэнэ амжиргаа цагаан",20000,"20,000₮",MNT,,"УБ — Сүхбаатар, Сүхбаатар, Хороо 1",Сүхбаатар,1 долоо хоногийн өмнө,2026-03-03T04:16:34+00:00,moving,,https://www.unegui.mn/adv/4991851_achaa-achna-nuulgene/,no,99530762
8103659,"Хог ачна,амжиргаа цагаан",40000,"40,000₮",MNT,,"УБ — Сүхбаатар, Сүхбаатар, Хороо 1",Сүхбаатар,1 долоо хоногийн өмнө,2026-03-03T04:16:34+00:00,moving,,https://www.unegui.mn/adv/8103659_khog-achna-amzhirgaa-tsagaan/,no,99323762
8539816,Хог ачна,180000,"180,000₮",MNT,,"УБ — Сүхбаатар, Дарь Эх",Сүхбаатар,1 долоо хоногийн өмнө,2026-03-03T04:16:34+00:00,moving,,https://www.unegui.mn/adv/8539816_khog-achna/,no,88763310
8840178,Кантер хино canter hino,150000,"150,000₮",MNT,,"УБ — Сүхбаатар, Дарь Эх",Сүхбаатар,1 долоо хоногийн өмнө,2026-03-03T04:16:34+00:00,moving,,https://www.unegui.mn/adv/8840178_kanter-khino-canter-hino/,no,88763310
5671971,Canter ачаа ачна,160000,"160,000₮",MNT,,"УБ — Сүхбаатар, Сүхбаатар, Хороо 1",Сүхбаатар,1 долоо хоногийн өмнө,2026-03-03T04:16:34+00:00,moving,,https://www.unegui.mn/adv/5671971_canter-achaa-achna-3-7-tonn-barilgyn-khog-achna/,no,88763310
257740,Nuulgelt hiine,300000,"300,000₮",MNT,,"УБ — Сүхбаатар, 11-р хороолол",Сүхбаатар,1 долоо хоногийн өмнө,2026-03-03T04:16:34+00:00,moving,,https://www.unegui.mn/adv/257740_nuulgelt-94090058/,no,94090058
4029911,Porter duudlagaar achaa achina 24/7,30000,"30,000₮",MNT,,"УБ — Сүхбаатар, Сүхбаатар, Хороо 1",Сүхбаатар,1 долоо хоногийн өмнө,2026-03-03T04:16:34+00:00,moving,,https://www.unegui.mn/adv/4029911_porter-duudlaga-naidvartai-tsag-hargalzahgui/,no,88333887
2860936,Портер тээвэр,,Үнэ тохирно,MNT,,"УБ — Сүхбаатар, Сүхбаатар, Хороо 1",Сүхбаатар,1 долоо хоногийн өмнө,2026-03-03T04:16:34+00:00,moving,,https://www.unegui.mn/adv/2860936_porter-teever/,no,99162040
2775938,Барилгын хог ачна,,Үнэ тохирно,MNT,,"УБ — Сүхбаатар, Сүхбаатар, Хороо 1",Сүхбаатар,1 долоо хоногийн өмнө,2026-03-03T04:16:34+00:00,moving,,https://www.unegui.mn/adv/2775938_barilgiin-hog-achna/,no,88089717
4926039,Ачаа ачна нүүлгэнэ амжиргаа цагаан,20000,"20,000₮",MNT,,"УБ — Сүхбаатар, Сүхбаатар, Хороо 1",Сүхбаатар,1 долоо хоногийн өмнө,2026-03-03T04:16:34+00:00,moving,,https://www.unegui.mn/adv/4926039_achaa-achna-nuulgene/,no,99331962
5029884,"Амжиргаагаар ачаа ачна,нүүлгэнэ.",20000,"20,000₮",MNT,,"УБ — Сүхбаатар, Сүхбаатар, Хороо 1",Сүхбаатар,1 долоо хоногийн өмнө,2026-03-03T04:16:34+00:00,moving,,https://www.unegui.mn/adv/5029884_achaa-achna-nuulgene/,no,90275737
3834645,Barilgiin hog achina,1,1₮,MNT,,"УБ — Сүхбаатар, Сүхбаатар, Хороо 1",Сүхбаатар,1 долоо хоногийн өмнө,2026-03-03T04:16:34+00:00,moving,,https://www.unegui.mn/adv/3834645_barilgin-hog-achina/,no,96030100
8292589,Hino автомашинаар тээвэр хийнэ,250000,"250,000₮",MNT,,"УБ — Сүхбаатар, 5-р хороолол",Сүхбаатар,1 долоо хоногийн өмнө,2026-03-03T04:16:34+00:00,moving,,https://www.unegui.mn/adv/8292589_barilgyn-bolon-akhuin-khog-achna/,no,96030100
3827431,Кантер автомашинаар тээврийн ажил хийнэ,,Үнэ тохирно,MNT,,"УБ — Сүхбаатар, Сүхбаатар, Хороо 1",Сүхбаатар,1 долоо хоногийн өмнө,2026-03-03T04:16:34+00:00,moving,,https://www.unegui.mn/adv/3827431_avtomashinaar-azhild-iavna/,no,96030100
6049344,Barilgin hog barilgin ajil hiine suuri teewer,60000,"60,000₮",MNT,,"УБ — Сүхбаатар, Сүхбаатар, Хороо 1",Сүхбаатар,1 долоо хоногийн өмнө,2026-03-03T04:16:34+00:00,moving,,https://www.unegui.mn/adv/6049344_bairlagin-hog-bairlagin-ajil-hiin-suur-teewer/,no,88010240
6700366,Амьжиргаа цагаанаар ачаа ачна,1,1₮,MNT,,"УБ — Сүхбаатар, 5-р хороолол",Сүхбаатар,1 долоо хоногийн өмнө,2026-03-03T04:16:34+00:00,moving,,https://www.unegui.mn/adv/6700366_amzhirgaa-tsagaanaar-achaa-achna/,no,80212888
8895305,Porter achaa achna,100000,"100,000₮",MNT,,"УБ — Сүхбаатар, Сүхбаатар, Хороо 1",Сүхбаатар,1 долоо хоногийн өмнө,2026-03-03T04:16:34+00:00,moving,,https://www.unegui.mn/adv/8895305_porter-achaa-achna/,no,80376767
4785281,Кранаар ачаа ачна,,Үнэ тохирно,MNT,,"УБ — Сүхбаатар, Сүхбаатар, Хороо 1",Сүхбаатар,1 долоо хоногийн өмнө,2026-03-03T04:16:34+00:00,moving,,https://www.unegui.mn/adv/4785281_kranaar-5-8-tn-achaa-achna-buulgana/,no,88201029
5313808,Портер машин хот хөдөө ачаа ачина,,Үнэ тохирно,MNT,,"УБ — Сүхбаатар, Сүхбаатар, Хороо 1",Сүхбаатар,1 долоо хоногийн өмнө,2026-03-03T04:16:34+00:00,moving,,https://www.unegui.mn/adv/5313808_portor-mashin-khot-khodoo-achaa-achina/,no,99013947
10145204,Портер ачаа ачна,123460,"123,460₮",MNT,,"УБ — Сүхбаатар, 100 айл",Сүхбаатар,1 долоо хоногийн өмнө,2026-03-03T04:16:34+00:00,moving,,https://www.unegui.mn/adv/10145204_porter-achaa-achna/,no,99220111
7906651,Нүүлгэлт тээвэр,50000,"50,000₮",MNT,,"УБ — Сүхбаатар, Сүхбаатар, Хороо 1",Сүхбаатар,1 долоо хоногийн өмнө,2026-03-03T04:16:34+00:00,moving,,https://www.unegui.mn/adv/7906651_nuulgelt-teever/,no,99824082
4998942,"Амжиргаа цагаан машинаар ачаа ачна,нүүлгэнэ..",20000,"20,000₮",MNT,,"УБ — Сүхбаатар, Сүхбаатар, Хороо 1",Сүхбаатар,1 долоо хоногийн өмнө,2026-03-03T04:16:34+00:00,moving,,https://www.unegui.mn/adv/4998942_amzhirgaagaar-achaa-achna-nuulgene/,no,80900802
3019520,Achaa achna,50000,"50,000₮",MNT,,"УБ — Сүхбаатар, Сүхбаатар, Хороо 1",Сүхбаатар,1 долоо хоногийн өмнө,2026-03-03T04:16:34+00:00,moving,,https://www.unegui.mn/adv/3019520_achaa-achna/,no,96877788
4786030,Aчаа ачина,50000,"50,000₮",MNT,,"УБ — Сүхбаатар, Дөлгөөн нуур",Сүхбаатар,2 долоо хоногийн өмнө,2026-03-03T04:16:34+00:00,moving,,https://www.unegui.mn/adv/4786030_achaa-achina/,no,95101617
6753908,Крантай машин,180000,"180,000₮",MNT,,"УБ — Сүхбаатар, Сүхбаатар, Хороо 1",Сүхбаатар,2 долоо хоногийн өмнө,2026-03-03T04:16:38+00:00,moving,,https://www.unegui.mn/adv/6753908_krantai-mashin/,no,96070741
6538358,"Ачаа ачна,нүүлгэнэ.амжиргаа цагаан",20000,"20,000₮",MNT,,"УБ — Сүхбаатар, Сүхбаатар, Хороо 1",Сүхбаатар,2 долоо хоногийн өмнө,2026-03-03T04:16:38+00:00,moving,,https://www.unegui.mn/adv/6538358_amzhirgaa-tsagaan-mashinaar-achaa-achna-nuulgene/,no,94275737
3334103,Портер амьжиргаа машинаар ачаа ачна,1,1₮,MNT,,"УБ — Сүхбаатар, Сүхбаатар, Хороо 1",Сүхбаатар,2 долоо хоногийн өмнө,2026-03-03T04:16:38+00:00,moving,,https://www.unegui.mn/adv/3334103_turgen-shuurkhai-porter-amzhirgaa/,no,88044302
9088359,Ачаа ачна хот хөдөөд,30000,"30,000₮50,000₮",MNT,,"УБ — Сүхбаатар, Сүхбаатар, Хороо 1",Сүхбаатар,2 долоо хоногийн өмнө,2026-03-03T04:16:38+00:00,moving,,https://www.unegui.mn/adv/9088359_achaa-achna-ail-nuulgene/,no,88714461
7003220,Амбаартай портер ачаа ачна,12350,"12,350₮",MNT,,"УБ — Сүхбаатар, Сүхбаатар, Хороо 1",Сүхбаатар,2 долоо хоногийн өмнө,2026-03-03T04:16:38+00:00,moving,,https://www.unegui.mn/adv/7003220_ambaartai-porter-achaa-achna/,no,99182498
5156367,Achaa achna,,Үнэ тохирно,MNT,,"УБ — Сүхбаатар, Сүхбаатар, Хороо 1",Сүхбаатар,2 долоо хоногийн өмнө,2026-03-03T04:16:38+00:00,moving,,https://www.unegui.mn/adv/5156367_achaa-achna/,no,99046292
4780070,Фортэр нүүлгэлт,20000,"20,000₮",MNT,,"УБ — Сүхбаатар, Сүхбаатар, Хороо 1",Сүхбаатар,2 долоо хоногийн өмнө,2026-03-03T04:16:38+00:00,moving,,https://www.unegui.mn/adv/4780070_forter-duudlaga/,no,99462112
1209343,Kрантай ачааны машинаар өргөж ачиж тээвэрлэлт хийнэ,1,1₮,MNT,,"УБ — Сүхбаатар, Сүхбаатар, Хороо 1",Сүхбаатар,2 долоо хоногийн өмнө,2026-03-03T04:16:38+00:00,moving,,https://www.unegui.mn/adv/1209343_krantaj-achaanyi-mashinaar-rgzh-achizh-teeverlelt-hijne-91156952/,no,89007101
2947153,3тонны крантай 5 тонны машин,,Үнэ тохирно,MNT,,"УБ — Сүхбаатар, Сүхбаатар, Хороо 1",Сүхбаатар,2 долоо хоногийн өмнө,2026-03-03T04:16:38+00:00,moving,,https://www.unegui.mn/adv/2947153_krantai-mashinaar-azhil-khiine/,no,99051143
7336670,Ачаа ачна,,Үнэ тохирно,MNT,,"УБ — Сүхбаатар, 100 айл",Сүхбаатар,2 долоо хоногийн өмнө,2026-03-03T04:16:38+00:00,moving,,https://www.unegui.mn/adv/7336670_achaa-achna/,no,99711671
5462074,Амьжиргаа ачаа ачна,1,1₮,MNT,,"УБ — Сүхбаатар, Сүхбаатар, Хороо 1",Сүхбаатар,2 долоо хоногийн өмнө,2026-03-03T04:16:38+00:00,moving,,https://www.unegui.mn/adv/5462074_amzhirgaa-achaa-achinaa/,no,88893039
5777683,Кран шаланз,1,1 сая₮,MNT,,"УБ — Сүхбаатар, Сүхбаатар, Хороо 1",Сүхбаатар,2 долоо хоногийн өмнө,2026-03-03T04:16:38+00:00,moving,,https://www.unegui.mn/adv/5777683_kran-azhil-khiine/,no,86161133
8581519,5 tonii mashinaar achaa achina,,Үнэ тохирно,MNT,,"УБ — Сүхбаатар, Сүхбаатар, Хороо 1",Сүхбаатар,2 долоо хоногийн өмнө,2026-03-03T04:16:38+00:00,moving,,https://www.unegui.mn/adv/8581519_5-tonii-mashinaar-achaa-achina/,no,88151481
5041754,Amijirgaa tsagaanaar,25000,"25,000₮",MNT,,"УБ — Сүхбаатар, Сүхбаатар, Хороо 1",Сүхбаатар,2 долоо хоногийн өмнө,2026-03-03T04:16:38+00:00,moving,,https://www.unegui.mn/adv/5041754_amijirgaa-fsagaanaar80160510/,no,99462112
5249571,Барилгын хог ачна,140000,"140,000₮",MNT,,"УБ — Сүхбаатар, Сүхбаатар, Хороо 1",Сүхбаатар,2 долоо хоногийн өмнө,2026-03-03T04:16:38+00:00,moving,,https://www.unegui.mn/adv/5249571_barilgyn-khog-achna/,no,90050035
5816713,Барилгын болон ахуйн хог зөөнө.,130000,"130,000₮",MNT,,"УБ — Сүхбаатар, Сүхбаатар, Хороо 1",Сүхбаатар,2 долоо хоногийн өмнө,2026-03-03T04:16:38+00:00,moving,,https://www.unegui.mn/adv/5816713_barilgyn-bolon-akhuin-khog-zoono/,no,90050035
6347915,Bongo3 achaa achina,50000,"50,000₮",MNT,,"УБ — Сүхбаатар, Сүхбаатар, Хороо 1",Сүхбаатар,3 долоо хоногийн өмнө,2026-03-03T04:16:38+00:00,moving,,https://www.unegui.mn/adv/6347915_bongo3-achaa-achina-24-tsagaar/,no,90062404
8595434,Ачаа ачна,,Үнэ тохирно,MNT,,"УБ — Сүхбаатар, Сүхбаатар, Хороо 1",Сүхбаатар,3 долоо хоногийн өмнө,2026-03-03T04:16:38+00:00,moving,,https://www.unegui.mn/adv/8595434_achaa-achna/,no,99598595
4752619,Achaa achna,20000,"20,000₮",MNT,,"УБ — Сүхбаатар, Сүхбаатар, Хороо 1",Сүхбаатар,3 долоо хоногийн өмнө,2026-03-03T04:16:38+00:00,moving,,https://www.unegui.mn/adv/4752619_teever/,no,99462112
10123828,Амжиргаа ачаа ачна,50000,"50,000₮",MNT,,"УБ — Сүхбаатар, 11-р хороолол",Сүхбаатар,3 долоо хоногийн өмнө,2026-03-03T04:16:38+00:00,moving,,https://www.unegui.mn/adv/10123828_amzhirgaa/,no,94058605
10122243,Achaa achna achalt buulgalt,80000,"80,000₮",MNT,,"УБ — Сүхбаатар, 100 айл",Сүхбаатар,3 долоо хоногийн өмнө,2026-03-03T04:16:38+00:00,moving,,https://www.unegui.mn/adv/10122243_achaa-achna-achalt-buulgalt-une-tohirno/,no,99500065
9394448,Барилгын хог ачна,300000,"300,000₮",MNT,,"УБ — Сүхбаатар, Сүхбаатар, Хороо 1",Сүхбаатар,3 долоо хоногийн өмнө,2026-03-03T04:16:38+00:00,moving,,https://www.unegui.mn/adv/9394448_barilgyn-khog-achna/,no,88082856
9840218,Өөрөө буулгагч ажил хийнэ,5000,"5,000₮",MNT,,"УБ — Сүхбаатар, Цирк",Сүхбаатар,3 долоо хоногийн өмнө,2026-03-03T04:16:38+00:00,moving,,https://www.unegui.mn/adv/9840218_ooroo-buulgagch-azhil-khiine/,no,88082856
6274985,Хот дотор ачаа ачна,70000,"70,000₮",MNT,,"УБ — Сүхбаатар, Сүхбаатар, Хороо 1",Сүхбаатар,3 долоо хоногийн өмнө,2026-03-03T04:16:38+00:00,moving,,https://www.unegui.mn/adv/6274985_khot-dotor-achaa-achna/,no,99711671
7994168,Нүүлгэлт,,Үнэ тохирно,MNT,,"УБ — Сүхбаатар, 5-р хороолол",Сүхбаатар,3 долоо хоногийн өмнө,2026-03-03T04:16:38+00:00,moving,,https://www.unegui.mn/adv/7994168_nuulgelt/,no,88093582
6499560,8 тонны өөрөө буулгагч хог ачна,25000,"25,000₮",MNT,,"УБ — Сүхбаатар, Сүхбаатар, Хороо 1",Сүхбаатар,3 долоо хоногийн өмнө,2026-03-03T04:16:38+00:00,moving,,https://www.unegui.mn/adv/6499560_5-8-tony-mashinaar-khog-zoono/,no,89898738
4837874,Porter duudlaga,20000,"20,000₮",MNT,,"УБ — Сүхбаатар, Сүхбаатар, Хороо 1",Сүхбаатар,3 долоо хоногийн өмнө,2026-03-03T04:16:38+00:00,moving,,https://www.unegui.mn/adv/4837874_porter-duudlaga/,no,80160510
8317888,Achaa achina,,Үнэ тохирно,MNT,,"УБ — Сүхбаатар, Сүхбаатар, Хороо 1",Сүхбаатар,3 долоо хоногийн өмнө,2026-03-03T04:16:38+00:00,moving,,https://www.unegui.mn/adv/8317888_achaa-achina/,no,90062404
9977687,Ачаа ачна,111120,"111,120₮",MNT,,"УБ — Сүхбаатар, 100 айл",Сүхбаатар,3 долоо хоногийн өмнө,2026-03-03T04:16:38+00:00,moving,,https://www.unegui.mn/adv/9977687_achaa-khiamd-achna/,no,89010903
3173789,3тны крантай машинаар ачаа ачна.,,Үнэ тохирно,MNT,,"УБ — Сүхбаатар, Сүхбаатар, Хороо 1",Сүхбаатар,4 долоо хоногийн өмнө,2026-03-03T04:16:38+00:00,moving,,https://www.unegui.mn/adv/3173789_maiatigaar-achaa-achna/,no,96638859
5522802,Ail nvvlgene,25000,"25,000₮",MNT,,"УБ — Сүхбаатар, Сүхбаатар, Хороо 1",Сүхбаатар,4 долоо хоногийн өмнө,2026-03-03T04:16:38+00:00,moving,,https://www.unegui.mn/adv/5522802_ail-nvvlgene/,no,99462112
7697580,Амжиргаа цагаанаар ачаа зөөнө,30000,"30,000₮",MNT,,"УБ — Сүхбаатар, Сүхбаатар, Хороо 1",Сүхбаатар,1 сарын өмнө,2026-03-03T04:16:38+00:00,moving,,https://www.unegui.mn/adv/7697580_amzhirgaa-tsagaanaar-achaa-zoono/,no,95630069
9303880,Hodoo oron nutagruu bainga achaa achina,,Үнэ тохирно,MNT,,"УБ — Сүхбаатар, Сүхбаатар, Хороо 1",Сүхбаатар,1 сарын өмнө,2026-03-03T04:16:38+00:00,moving,,https://www.unegui.mn/adv/9303880_porter-achaad-achina/,no,99124938
7334581,Нүүлгэлт ачаа тээвэр,,Үнэ тохирно,MNT,,"УБ — Сүхбаатар, Сүхбаатар, Хороо 1",Сүхбаатар,1 сарын өмнө,2026-03-03T04:16:38+00:00,moving,,https://www.unegui.mn/adv/7334581_nuulgelt-achaa-teever/,no,94046288
378471,Айл болон оффис нүүлгэнэ,,Үнэ тохирно,MNT,,"УБ — Сүхбаатар, 5-р хороолол",Сүхбаатар,1 сарын өмнө,2026-03-03T04:16:38+00:00,moving,,https://www.unegui.mn/adv/378471_ajl-bolon-offis-nlgene/,no,99143045
3551722,Жин тээг нүүлгэлт үйлчилгээ,300000,"300,000₮",MNT,,"УБ — Сүхбаатар, 220 мянгат",Сүхбаатар,1 сарын өмнө,2026-03-03T04:16:38+00:00,moving,,https://www.unegui.mn/adv/3551722_zhin-teeg-nuulgelt-uilchilgee/,no,90443838
10090383,achaa achina,1,1₮,MNT,,"УБ — Сүхбаатар, 100 айл",Сүхбаатар,1 сарын өмнө,2026-03-03T04:16:38+00:00,moving,,https://www.unegui.mn/adv/10090383_une-tokhirno/,no,88650717
4911323,Ачаа ачна,1,1₮,MNT,,"УБ — Сүхбаатар, Сүхбаатар, Хороо 20",Сүхбаатар,1 сарын өмнө,2026-03-03T04:16:38+00:00,moving,,https://www.unegui.mn/adv/4911323_achaa-achna/,no,99821519
6026397,Krantai mashinaar achaa achna,1,1₮,MNT,,"УБ — Сүхбаатар, Сүхбаатар, Хороо 1",Сүхбаатар,1 сарын өмнө,2026-03-03T04:16:38+00:00,moving,,https://www.unegui.mn/adv/6026397_krantai-mashinaar-achaa-achna/,no,96881186
2761990,Amjirgaa achaa achina,30000,"30,000₮",MNT,,"УБ — Сүхбаатар, Сүхбаатар, Хороо 1",Сүхбаатар,1 сарын өмнө,2026-03-03T04:16:38+00:00,moving,,https://www.unegui.mn/adv/2761990_amjirgaa-achaa-achina/,no,80058624
8040035,Амжиргаа ачаа ачна.,20000,"20,000₮",MNT,,"УБ — Сүхбаатар, Сүхбаатар, Хороо 9",Сүхбаатар,1 сарын өмнө,2026-03-03T04:16:38+00:00,moving,,https://www.unegui.mn/adv/8040035_amzhirgaa-achaa-achna/,no,89981451
7349464,Амжиргаа ачаа ачна,40000,"40,000₮",MNT,,"УБ — Сүхбаатар, Сүхбаатар, Хороо 1",Сүхбаатар,1 сарын өмнө,2026-03-03T04:16:38+00:00,moving,,https://www.unegui.mn/adv/7349464_amzhirgaa-achaa-achna/,no,80720509
8849399,Amjirgaa achaa achna,40000,"40,000₮",MNT,,"УБ — Сүхбаатар, Сүхбаатар, Хороо 1",Сүхбаатар,1 сарын өмнө,2026-03-03T04:16:38+00:00,moving,,https://www.unegui.mn/adv/8849399_amjirgaa-achaa-achna/,no,80802509
6138579,Achaa achna,30000,"30,000₮",MNT,,"УБ — Сүхбаатар, Сүхбаатар, Хороо 1",Сүхбаатар,1 сарын өмнө,2026-03-03T04:16:38+00:00,moving,,https://www.unegui.mn/adv/6138579_achaa-achna/,no,80802509
4169220,Porter mashinaar achaa achina,,Үнэ тохирно,MNT,,"УБ — Сүхбаатар, Сүхбаатар, Хороо 1",Сүхбаатар,1 сарын өмнө,2026-03-03T04:16:38+00:00,moving,,https://www.unegui.mn/adv/4169220_porter-mashinaar-achaa-achina/,no,99626662
5552520,5-10tn achaa achna,300000,"300,000₮",MNT,,"УБ — Сүхбаатар, Сүхбаатар, Хороо 1",Сүхбаатар,1 сарын өмнө,2026-03-03T04:16:38+00:00,moving,,https://www.unegui.mn/adv/5552520_5-10tn-achaa-bainga-achna/,no,88087698
5966958,Ачаа тээвэр,1,1₮,MNT,,"УБ — Сүхбаатар, Сүхбаатар, Хороо 1",Сүхбаатар,1 сарын өмнө,2026-03-03T04:16:38+00:00,moving,,https://www.unegui.mn/adv/5966958_achaa-teever/,no,99085936
6650674,Айл нүүлгэлт,,Үнэ тохирно,MNT,,"УБ — Сүхбаатар, Сүхбаатар, Хороо 1",Сүхбаатар,1 сарын өмнө,2026-03-03T04:16:38+00:00,moving,,https://www.unegui.mn/adv/6650674_ail-nuulgelt/,no,80122994
5419297,Ачаа тээвэрлэнэ,100,100₮,MNT,,"УБ — Сүхбаатар, Сүхбаатар, Хороо 1",Сүхбаатар,1 сарын өмнө,2026-03-03T04:16:38+00:00,moving,,https://www.unegui.mn/adv/5419297_achaa-teeverlene/,no,80119999
2412590,Porteroor achaa achna,,Үнэ тохирно,MNT,,"УБ — Сүхбаатар, Сүхбаатар, Хороо 1",Сүхбаатар,1 сарын өмнө,2026-03-03T04:16:38+00:00,moving,,https://www.unegui.mn/adv/2412590_porter-achaa-achinaa-24tsag/,no,99240542
4716999,Амьжиргаа ачаа ачна,,Үнэ тохирно,MNT,,"УБ — Сүхбаатар, Сүхбаатар, Хороо 1",Сүхбаатар,1 сарын өмнө,2026-03-03T04:16:38+00:00,moving,,https://www.unegui.mn/adv/4716999_amzhirgaa-achaa-achaa-99011451/,no,99011451
2699527,Портероор ачаа ачна,,Үнэ тохирно,MNT,,"УБ — Сүхбаатар, Сүхбаатар, Хороо 1",Сүхбаатар,1 сарын өмнө,2026-03-03T04:16:38+00:00,moving,,https://www.unegui.mn/adv/2699527_porteroor-achaa-achna/,no,99710704
10047404,Амжиргаа цагаанаар найдвартай ачаа ачина,,Үнэ тохирно,MNT,,"УБ — Сүхбаатар, Сүхбаатар, Хороо 9",Сүхбаатар,1 сарын өмнө,2026-03-03T04:16:38+00:00,moving,,https://www.unegui.mn/adv/10047404_amzhirgaa-tsagaanaar-naidvartai-khiamd-achaa-achina/,no,96054064
1613796,Шаланз автокран,1,1₮,MNT,,"УБ — Сүхбаатар, Сүхбаатар, Хороо 1",Сүхбаатар,1 сарын өмнө,2026-03-03T04:16:38+00:00,moving,,https://www.unegui.mn/adv/1613796_khodoo-oron-nutag-khot-khoorond-shalanz-avto-kranaar-achaa-teeverlene/,no,90989393
4828250,Ачаа ачина,,Үнэ тохирно,MNT,,"УБ — Сүхбаатар, Сүхбаатар, Хороо 1",Сүхбаатар,1 сарын өмнө,2026-03-03T04:16:38+00:00,moving,,https://www.unegui.mn/adv/4828250_achaa-achina/,no,95101617
9989791,Хот. хөдөө 10тн хүртэлх ачаа ачна,100000,"100,000₮",MNT,,"УБ — Сүхбаатар, 11-р хороолол",Сүхбаатар,1 сарын өмнө,2026-03-03T04:16:38+00:00,moving,,https://www.unegui.mn/adv/9989791_khot-khodoo10tn-khurtelkh-achaa-achna/,no,80656590
10036124,Porteroor achaa achina,40,40₮,MNT,,"УБ — Сүхбаатар, Сүхбаатар, Хороо 15",Сүхбаатар,1 сарын өмнө,2026-03-03T04:16:38+00:00,moving,,https://www.unegui.mn/adv/10036124_porteroor-achaa-achina/,no,99840858
9152244,Авто машинаар тээвэр хийнэ,,Үнэ тохирно,MNT,,"УБ — Сүхбаатар, Сүхбаатар, Хороо 1",Сүхбаатар,1 сарын өмнө,2026-03-03T04:16:38+00:00,moving,,https://www.unegui.mn/adv/9152244_avto-mashinaar-teever-khiikh/,no,80805021
10030122,Tand achiltiin mashinaar vilchlne,60000,"60,000₮",MNT,,"УБ — Сүхбаатар, 100 айл",Сүхбаатар,1 сарын өмнө,2026-03-03T04:16:38+00:00,moving,,https://www.unegui.mn/adv/10030122_tand-achiltiin-mashinaar-vilchlne/,no,94648777
4542070,Крантай машинаар ачаа тээвэрлэнэ,350000,"350,000₮",MNT,,"УБ — Сүхбаатар, Сүхбаатар, Хороо 1",Сүхбаатар,1 сарын өмнө,2026-03-03T04:16:38+00:00,moving,,https://www.unegui.mn/adv/4542070_krantai-mashinaar-achaa-teeverlene/,no,80000015
7083329,Amjirgaa achaa achna,,Үнэ тохирно,MNT,,"УБ — Сүхбаатар, Сүхбаатар, Хороо 1",Сүхбаатар,1 сарын өмнө,2026-03-03T04:16:44+00:00,moving,,https://www.unegui.mn/adv/7083329_amjirgaa-achaa-achna/,no,80840878
10019889,Achaa achina,,Үнэ тохирно,MNT,,"УБ — Сүхбаатар, Дөлгөөн нуур",Сүхбаатар,1 сарын өмнө,2026-03-03T04:16:44+00:00,moving,,https://www.unegui.mn/adv/10019889_achaa-achina/,no,88457574
10019563,Тээвэр хийнэ,,Үнэ тохирно,MNT,,"УБ — Сүхбаатар, Сүхбаатар, Хороо 11",Сүхбаатар,1 сарын өмнө,2026-03-03T04:16:44+00:00,moving,,https://www.unegui.mn/adv/10019563_teever-khiine/,no,99246601
10017441,Бүх төрлийн ачаа ачна,40000,"40,000₮",MNT,,"УБ — Сүхбаатар, 100 айл",Сүхбаатар,1 сарын өмнө,2026-03-03T04:16:44+00:00,moving,,https://www.unegui.mn/adv/10017441_bukh-torliin-achaa-achna/,no,88474769
4804580,Ачаа ачина,,Үнэ тохирно,MNT,,"УБ — Сүхбаатар, Сүхбаатар, Хороо 1",Сүхбаатар,2 сарын өмнө,2026-03-03T04:16:44+00:00,moving,,https://www.unegui.mn/adv/4804580_achaa-achina/,no,95101617
10013621,Хот хооронд ачаа ачина,200000,"200,000₮",MNT,,"УБ — Сүхбаатар, 11-р хороолол",Сүхбаатар,2 сарын өмнө,2026-03-03T04:16:44+00:00,moving,,https://www.unegui.mn/adv/10013621_khot-khoorond-achaa-achina/,no,96860063
1953454,Крантай машин,100000,"100,000₮",MNT,,"УБ — Сүхбаатар, Сүхбаатар, Хороо 1",Сүхбаатар,2 сарын өмнө,2026-03-03T04:16:44+00:00,moving,,https://www.unegui.mn/adv/1953454_krantai-mashinaar-azhil-khiine-achaa-achna/,no,99795766
5846990,Krantai mashinaar ajil hiine,150000,"150,000₮",MNT,,"УБ — Сүхбаатар, Сүхбаатар, Хороо 1",Сүхбаатар,2 сарын өмнө,2026-03-03T04:16:44+00:00,moving,,https://www.unegui.mn/adv/5846990_krantai-mashinaar-ajil-hiine/,no,99795766
4278434,Ачаа ачина,,Үнэ тохирно,MNT,,"УБ — Сүхбаатар, Сүхбаатар, Хороо 1",Сүхбаатар,2 сарын өмнө,2026-03-03T04:16:44+00:00,moving,,https://www.unegui.mn/adv/4278434_achaa-achina/,no,99916540
10004013,Нүүлгэлт үйлчилгээ,,Үнэ тохирно,MNT,,"УБ — Сүхбаатар, 11-р хороолол",Сүхбаатар,2 сарын өмнө,2026-03-03T04:16:44+00:00,moving,,https://www.unegui.mn/adv/10004013_nuulgelt-uilchelgee/,no,99889344
8248920,Портероор бүх төрлийн ачаа ачна.,,Үнэ тохирно,MNT,,"УБ — Сүхбаатар, Сүхбаатар, Хороо 1",Сүхбаатар,2 сарын өмнө,2026-03-03T04:16:44+00:00,moving,,https://www.unegui.mn/adv/8248920_porteroor-bukh-torliin-achaa-achna/,no,99152043
3166753,Шалаанз болон автокран трайлэр тээвэр,,Үнэ тохирно,MNT,,"УБ — Сүхбаатар, Сүхбаатар, Хороо 1",Сүхбаатар,2 сарын өмнө,2026-03-03T04:16:44+00:00,moving,,https://www.unegui.mn/adv/3166753_shalaanz-bolon-avtokran-trailer-teever/,no,91008030
5954089,"Портероор ачна, нүүлгэнэ",,Үнэ тохирно,MNT,,"УБ — Сүхбаатар, Сүхбаатар, Хороо 1",Сүхбаатар,2 сарын өмнө,2026-03-03T04:16:44+00:00,moving,,https://www.unegui.mn/adv/5954089_porteroor-gials-achna-gials-nuulgene/,no,80048998
9973157,Барилгын хог ачинa,,Үнэ тохирно,MNT,,"УБ — Сүхбаатар, 100 айл",Сүхбаатар,2 сарын өмнө,2026-03-03T04:16:44+00:00,moving,,https://www.unegui.mn/adv/9973157_barilgyn-khog-achina/,no,88077831
9973096,Портер бүх төрлийн ачаа ачна,50,50₮,MNT,,"УБ — Сүхбаатар, Сүхбаатар, Хороо 1",Сүхбаатар,2 сарын өмнө,2026-03-03T04:16:44+00:00,moving,,https://www.unegui.mn/adv/9973096_porter-bukh-torliin-achaa-achna/,no,98982598
5607696,Ачаа ачина,25000,"25,000₮",MNT,,"УБ — Сүхбаатар, Сүхбаатар, Хороо 1",Сүхбаатар,2 сарын өмнө,2026-03-03T04:16:44+00:00,moving,,https://www.unegui.mn/adv/5607696_achaa-achina/,no,99821519
6305349,Тээвэр,,Үнэ тохирно,MNT,,"УБ — Сүхбаатар, Сүхбаатар, Хороо 1",Сүхбаатар,3 сарын өмнө,2026-03-03T04:16:44+00:00,moving,,https://www.unegui.mn/adv/6305349_teewer-hiine/,no,99508008
9942180,Амжиргаа нүүлгэлт хийнэ,60000,"60,000₮",MNT,,"УБ — Сүхбаатар, 11-р хороолол",Сүхбаатар,3 сарын өмнө,2026-03-03T04:16:44+00:00,moving,,https://www.unegui.mn/adv/9942180_amzhirgaa/,no,85058605
7093567,Машин ачна,80000,"80,000₮",MNT,,"УБ — Сүхбаатар, Сүхбаатар, Хороо 1",Сүхбаатар,3 сарын өмнө,2026-03-03T04:16:44+00:00,moving,,https://www.unegui.mn/adv/7093567_mashin-achna/,no,91911137
8359986,Барилгын хог болон ахуйн хог бүх төрлийн элс хайрга тоосго цемент ачина,,Үнэ тохирно,MNT,,"УБ — Сүхбаатар, Сүхбаатар, Хороо 1",Сүхбаатар,3 сарын өмнө,2026-03-03T04:16:44+00:00,moving,,https://www.unegui.mn/adv/8359986_barilgyn-khog-teever/,no,80027080
5532587,Барилгын болон ахуйн хог зөөнө,100000,"100,000₮",MNT,,"УБ — Сүхбаатар, Сүхбаатар, Хороо 1",Сүхбаатар,3 сарын өмнө,2026-03-03T04:16:44+00:00,moving,,https://www.unegui.mn/adv/5532587_barilgyn-khog-akhuin-zoono/,no,89898738
7194753,5 тонны самосвал,50000,"50,000₮",MNT,,"УБ — Сүхбаатар, Сүхбаатар, Хороо 1",Сүхбаатар,3 сарын өмнө,2026-03-03T04:16:44+00:00,moving,,https://www.unegui.mn/adv/7194753_5-tonny-somsmol/,no,89898738
7456997,Крантай машин,100000,"100,000₮",MNT,,"УБ — Сүхбаатар, Сүхбаатар, Хороо 1",Сүхбаатар,3 сарын өмнө,2026-03-03T04:16:44+00:00,moving,,https://www.unegui.mn/adv/7456997_krantai-mashin/,no,91156952
8924253,Амжиргаа цагаан ачаа ачна,20,20₮,MNT,,"УБ — Сүхбаатар, Сүхбаатар, Хороо 1",Сүхбаатар,3 сарын өмнө,2026-03-03T04:16:44+00:00,moving,,https://www.unegui.mn/adv/8924253_amzhirgaa-tsagaan-achaa-achna/,no,80553738
9907254,Ачаа ачна,60,60₮,MNT,,"УБ — Сүхбаатар, Сүхбаатар, Хороо 7",Сүхбаатар,3 сарын өмнө,2026-03-03T04:16:44+00:00,moving,,https://www.unegui.mn/adv/9907254_achaa-achna/,no,85058605
3434138,Портероор хот хөдөө ачаа бараа адуу мал ачна.,,Үнэ тохирно,MNT,,"УБ — Сүхбаатар, Сүхбаатар, Хороо 1",Сүхбаатар,3 сарын өмнө,2026-03-03T04:16:44+00:00,moving,,https://www.unegui.mn/adv/3434138_porteroor-khot-khodoo-achaa-achna/,no,94475850
4829616,Крантай машин,100000,"100,000₮",MNT,,"УБ — Сүхбаатар, Сүхбаатар, Хороо 1",Сүхбаатар,3 сарын өмнө,2026-03-03T04:16:44+00:00,moving,,https://www.unegui.mn/adv/4829616_krantai-mashin/,no,88781898
437961,Портероор хот хөдөө ачаа ачна.,,Үнэ тохирно,MNT,,"УБ — Сүхбаатар, Сүхбаатар, Хороо 1",Сүхбаатар,3 сарын өмнө,2026-03-03T04:16:44+00:00,moving,,https://www.unegui.mn/adv/437961_porteroor-achaa-achna91195668/,no,91195668
9880057,12тн крантай 25тн,1,1₮,MNT,,"УБ — Сүхбаатар, 100 айл",Сүхбаатар,3 сарын өмнө,2026-03-03T04:16:44+00:00,moving,,https://www.unegui.mn/adv/9880057_12tn-krantai-25tn/,no,90110073
8049459,Албан газар айл нүүлгэнэ,1000,"1,000₮",MNT,,"УБ — Сүхбаатар, Сүхбаатар, Хороо 1",Сүхбаатар,3 сарын өмнө,2026-03-03T04:16:44+00:00,moving,,https://www.unegui.mn/adv/8049459_alban-gazar-ail-khuulgene/,no,99926272
7581515,Хот дотор ачаа ачина,1000,"1,000₮",MNT,,"УБ — Сүхбаатар, Сүхбаатар, Хороо 1",Сүхбаатар,3 сарын өмнө,2026-03-03T04:16:44+00:00,moving,,https://www.unegui.mn/adv/7581515_khot-dotor-achaa-achina/,no,99926272
9264938,Ачаа ачна,,Үнэ тохирно,MNT,,"УБ — Сүхбаатар, 100 айл",Сүхбаатар,4 сарын өмнө,2026-03-03T04:16:44+00:00,moving,,https://www.unegui.mn/adv/9264938_achaa-achna/,no,85953016
9841655,Ачаа ачна,,Үнэ тохирно,MNT,,"УБ — Сүхбаатар, 100 айл",Сүхбаатар,4 сарын өмнө,2026-03-03T04:16:44+00:00,moving,,https://www.unegui.mn/adv/9841655_achaa-achna/,no,99831811
5457581,Бүхээгтэй машинаар айл нүүлгэнэ,10000,"10,000₮",MNT,,"УБ — Сүхбаатар, Сүхбаатар, Хороо 1",Сүхбаатар,4 сарын өмнө,2026-03-03T04:16:44+00:00,moving,,https://www.unegui.mn/adv/5457581_premium-palas-d-khurlyn-zaal-tureesluulne/,no,80048998
6502775,Achaa zuunu,,Үнэ тохирно,MNT,,"УБ — Сүхбаатар, Сүхбаатар, Хороо 1",Сүхбаатар,4 сарын өмнө,2026-03-03T04:16:44+00:00,moving,,https://www.unegui.mn/adv/6502775_achaa-zuunu/,no,89118511
9831448,Амжиргаа ачаа тээвэр,1,1₮,MNT,,"УБ — Сүхбаатар, Сүхбаатар, Хороо 1",Сүхбаатар,4 сарын өмнө,2026-03-03T04:16:44+00:00,moving,,https://www.unegui.mn/adv/9831448_amzhirgaa-achaa-teever/,no,90416001
8895849,Амжиргаа ачаа ачна,30000,"30,000₮",MNT,,"УБ — Сүхбаатар, Дөлгөөн нуур",Сүхбаатар,4 сарын өмнө,2026-03-03T04:16:44+00:00,moving,,https://www.unegui.mn/adv/8895849_amzhirgaa-achaa-achna/,no,80194077
9434900,Ачаа ачна,,Үнэ тохирно,MNT,,"УБ — Сүхбаатар, 100 айл",Сүхбаатар,4 сарын өмнө,2026-03-03T04:16:44+00:00,moving,,https://www.unegui.mn/adv/9434900_achaa-achna/,no,88022281
4828268,Ачаа ачина,,Үнэ тохирно,MNT,,"УБ — Сүхбаатар, Сүхбаатар, Хороо 1",Сүхбаатар,4 сарын өмнө,2026-03-03T04:16:44+00:00,moving,,https://www.unegui.mn/adv/4828268_achaa-achina/,no,95101617
9354007,Амжиргаа ачаа ачна,,Үнэ тохирно,MNT,,"УБ — Сүхбаатар, Дарь Эх",Сүхбаатар,5 сарын өмнө,2026-03-03T04:16:44+00:00,moving,,https://www.unegui.mn/adv/9354007_amzhirgaa-achaa-achna/,no,95675881
2682524,Портероор хот хөдөөд ачаа ачна,1,1₮,MNT,,"УБ — Сүхбаатар, Сүхбаатар, Хороо 1",Сүхбаатар,5 сарын өмнө,2026-03-03T04:16:44+00:00,moving,,https://www.unegui.mn/adv/2682524_achaa-achna-xot-xodoo-ywna/,no,88092693
2948566,3 ба 6 тонны кран,,Үнэ тохирно,MNT,,"УБ — Сүхбаатар, Сүхбаатар, Хороо 1",Сүхбаатар,5 сарын өмнө,2026-03-03T04:16:44+00:00,moving,,https://www.unegui.mn/adv/2948566_3-6-tonny-kran-9008-9006/,no,90089006
9735925,Porter mashin аchaa achna,,Үнэ тохирно,MNT,,"УБ — Сүхбаатар, Дамбадаржаа",Сүхбаатар,5 сарын өмнө,2026-03-03T04:16:44+00:00,moving,,https://www.unegui.mn/adv/9735925_porter-mashinar-hamtarch-ajillana/,no,99717271
8785592,Ачаа ачна,,Үнэ тохирно,MNT,,"УБ — Сүхбаатар, Сүхбаатар, Хороо 1",Сүхбаатар,5 сарын өмнө,2026-03-03T04:16:44+00:00,moving,,https://www.unegui.mn/adv/8785592_achaa-achna/,no,94298258
4902533,Крантай машинаар ачаа ачна,,Үнэ тохирно,MNT,,"УБ — Сүхбаатар, Сүхбаатар, Хороо 1",Сүхбаатар,5 сарын өмнө,2026-03-03T04:16:44+00:00,moving,,https://www.unegui.mn/adv/4902533_krantai-mashinaar-achaa-achna/,no,88008752
9913623,Амжиргаа цагаан 24 цагаар ачаа ачна,,Үнэ тохирно,MNT,,"УБ — Чингэлтэй, 40 мянгат",Чингэлтэй,3 цагийн өмнө,2026-03-03T04:16:44+00:00,moving,,https://www.unegui.mn/adv/9913623_amzhirgaa-tsagaan-24-tsagaar-achaa-achna/,no,88064410
5387296,Портер бүх төрлийн ачаа ачна айл нүүлгэнэ,,Үнэ тохирно,MNT,,"УБ — Баянгол, Баруун 4 зам",Баянгол,Өчигдөр,2026-03-03T04:16:44+00:00,moving,,https://www.unegui.mn/adv/5387296_porter-mashyn-ail-nuulgen-bukh-torliin-achaa-achna/,no,99739058
8439871,Нүүлгэлт үйлчилгээ портер ачаа тээвэр,,Үнэ тохирно,MNT,,"УБ — Баянгол, Баруун 4 зам",Баянгол,Өчигдөр,2026-03-03T04:16:44+00:00,moving,,https://www.unegui.mn/adv/8439871_porter-achaa-teever-nuulgelt-uilchilgee/,no,90094210
9305765,Том жижиг крантай маятинууд ачаа ачна,,Үнэ тохирно,MNT,,"УБ — Хан-Уул, 120 мянгат",Хан-Уул,2 өдрийн өмнө,2026-03-03T04:16:44+00:00,moving,,https://www.unegui.mn/adv/9305765_krantai-maiatinuud-achaa-achna/,no,70703333
2537222,Нүүлгэлтийн үйлчилгээ,120000,"120,000₮",MNT,,"УБ — Сонгинохайрхан, 1-р хороолол",Сонгинохайрхан,6 өдрийн өмнө,2026-03-03T04:16:44+00:00,moving,,https://www.unegui.mn/adv/2537222_monkh-khuleg-khkhk/,no,94148181
9447322,Ачаа ачна,,Үнэ тохирно,MNT,,"УБ — Баянзүрх, 16-р хороолол",Баянзүрх,2 өдрийн өмнө,2026-03-03T04:16:44+00:00,moving,,https://www.unegui.mn/adv/9447322_achaa-achina/,no,96654381
9741923,Амбаартай майти ачаа ачна,150000,"150,000₮",MNT,,"УБ — Хан-Уул, 19-р хороолол",Хан-Уул,2 өдрийн өмнө,2026-03-03T04:16:44+00:00,moving,,https://www.unegui.mn/adv/9741923_ambaartai-maiti-achaa-achna/,no,99182498
8586916,"Крантай машинаар өргөх, буулгах, тээвэрлэх ажил",50000,"50,000₮",MNT,,"УБ — Баянзүрх, Амгалан",Баянзүрх,2 өдрийн өмнө,2026-03-03T04:16:44+00:00,moving,,https://www.unegui.mn/adv/8586916_karantai-mashinaar-teever-khiine/,no,88312131
10160798,Ачаа ачна,111120,"111,120₮",MNT,,"УБ — Баянгол, Баянгол, Хороо 18",Баянгол,3 өдрийн өмнө,2026-03-03T04:16:44+00:00,moving,,https://www.unegui.mn/adv/10160798_achaa-achna/,no,88084567
9989458,Өөрөө буулгагч кантер машин ачаа ачна,,Үнэ тохирно,MNT,,"УБ — Баянзүрх, Баянзүрх, Хороо 15",Баянзүрх,3 өдрийн өмнө,2026-03-03T04:16:44+00:00,moving,,https://www.unegui.mn/adv/9989458_ooroo-buulgagch-kanter-mashin-khog-els-khairga-achaa-achna/,no,99824082
6961652,Porter achaa achina,10000,"10,000₮",MNT,,"УБ — Хан-Уул, 19-р хороолол",Хан-Уул,4 өдрийн өмнө,2026-03-03T04:16:44+00:00,moving,,https://www.unegui.mn/adv/6961652_porter-achaa-achina/,no,99182498
8634992,Achaa teewer achna,,Үнэ тохирно,MNT,,"УБ — Сонгинохайрхан, Сонсголон",Сонгинохайрхан,4 өдрийн өмнө,2026-03-03T04:16:44+00:00,moving,,https://www.unegui.mn/adv/8634992_achaa-teewer/,no,88093436
9370398,12 тн өргөх кранаар ажил хийнэ,150000,"150,000₮",MNT,,"УБ — Сонгинохайрхан, 5 шар",Сонгинохайрхан,5 өдрийн өмнө,2026-03-03T04:16:44+00:00,moving,,https://www.unegui.mn/adv/9370398_12-tn-orgokh-kranaar-azhil-khiine/,no,91914799
10152815,"Kрантай машин хот, хөдөө орон нутагт тээвэр хийнэ",,Үнэ тохирно,MNT,,"УБ — Баянзүрх, Баянзүрх, Хороо 40",Баянзүрх,5 өдрийн өмнө,2026-03-03T04:16:44+00:00,moving,,https://www.unegui.mn/adv/10152815_khot-khodoo-oron-nutagt-teever-khiine/,no,89004995
3517129,5-20 tn achaa achna,,Үнэ тохирно,MNT,,"УБ — Сонгинохайрхан, 1-р хороолол",Сонгинохайрхан,6 өдрийн өмнө,2026-03-03T04:16:44+00:00,moving,,https://www.unegui.mn/adv/3517129_mighty-mashinaar-achaa-achna/,no,99657599
8795809,Хот хөдөөд 15тонн хүртэл ачаа тээвэрлэнэ,,Үнэ тохирно,MNT,,"УБ — Чингэлтэй, Хайлааст",Чингэлтэй,6 өдрийн өмнө,2026-03-03T04:16:49+00:00,moving,,https://www.unegui.mn/adv/8795809_achaa-teeverlene/,no,95729295
8967680,Нүүлгэлт,,Үнэ тохирно,MNT,,"УБ — Хан-Уул, 19-р хороолол",Хан-Уул,1 долоо хоногийн өмнө,2026-03-03T04:16:49+00:00,moving,,https://www.unegui.mn/adv/8967680_khuder-nuulgelt/,no,99796290
9978627,Mayti achaa achna,200000,"200,000₮",MNT,,"УБ — Чингэлтэй, Хайлааст",Чингэлтэй,1 долоо хоногийн өмнө,2026-03-03T04:16:49+00:00,moving,,https://www.unegui.mn/adv/9978627_mayti-achaa-achna/,no,76767797
10144543,Машин ачина,,Үнэ тохирно,MNT,,"УБ — Баянгол, Баянгол, Хороо 11",Баянгол,1 долоо хоногийн өмнө,2026-03-03T04:16:49+00:00,moving,,https://www.unegui.mn/adv/10144543_mashin-achina/,no,91918643
3841608,Ачаа ачна,1,1₮,MNT,,"УБ — Сонгинохайрхан, 1-р хороолол",Сонгинохайрхан,1 долоо хоногийн өмнө,2026-03-03T04:16:49+00:00,moving,,https://www.unegui.mn/adv/3841608_achaa-achina/,no,88808109
10089862,Сондор нүүлгэлтийн үйлчилгээ,300,300₮,MNT,,"УБ — Хан-Уул, Хан-Уул, Хороо 3",Хан-Уул,2 долоо хоногийн өмнө,2026-03-03T04:16:49+00:00,moving,,https://www.unegui.mn/adv/10089862_sondor-nuulgeltiin-uilchilgee/,no,95004781
10129689,Ачаа ачна,80,80₮,MNT,,"УБ — Баянзүрх, 16-р хороолол",Баянзүрх,2 долоо хоногийн өмнө,2026-03-03T04:16:49+00:00,moving,,https://www.unegui.mn/adv/10129689_achaa-achna-khurgelt-khiine-achigchtai/,no,88567860
9905351,Амжиргаа машинаар ачаа ачна,,Үнэ тохирно,MNT,,"УБ — Баянзүрх, Амгалан",Баянзүрх,3 долоо хоногийн өмнө,2026-03-03T04:16:49+00:00,moving,,https://www.unegui.mn/adv/9905351_amzhirgaa-mashinaar-togtmol-achaa-achna/,no,98111831
8156061,"Хөргүүр, хөлдөөгч, халаагууртай амбаартай машинаар ачаа ачна",50000,"50,000₮",MNT,,"УБ — Баянзүрх, Офицер",Баянзүрх,1 сарын өмнө,2026-03-03T04:16:49+00:00,moving,,https://www.unegui.mn/adv/8156061_khorguurtei-mashinaar-bukh-torliin-achaa-achizh-uilchilne/,no,80652288
9245345,"Өөрөө буулгагч кантер машин хог, элс, хайрга ачаа ачна",,Үнэ тохирно,MNT,,"УБ — Баянгол, 3, 4 хороолол",Баянгол,1 сарын өмнө,2026-03-03T04:16:49+00:00,moving,,https://www.unegui.mn/adv/9245345_bukh-torliin-khog-els-khairga-achna/,no,70703333
9671236,Маяти ачаа ачна,300000,"300,000₮",MNT,,"УБ — Баянгол, 3, 4 хороолол",Баянгол,1 сарын өмнө,2026-03-03T04:16:49+00:00,moving,,https://www.unegui.mn/adv/9671236_maiati-achaa-achna/,no,70703333
8847055,Хог ачна,40000,"40,000₮",MNT,,"УБ — Баянгол, Баруун 4 зам",Баянгол,1 цагийн өмнө,2026-03-03T04:16:49+00:00,moving,,https://www.unegui.mn/adv/8847055_khog-achna/,no,94275737
10135499,"Ачаа ачна, нүүлгэнэ",40000,"40,000₮",MNT,,"УБ — Баянгол, 3, 4 хороолол",Баянгол,1 цагийн өмнө,2026-03-03T04:16:49+00:00,moving,,https://www.unegui.mn/adv/10135499_achaa-achna-nuulgene-amzhirgaa-tsagaan/,no,95750084
10104322,Krantai mashinaar teewer hiine,,Үнэ тохирно,MNT,,"УБ — Баянзүрх, Амгалан",Баянзүрх,Өчигдөр,2026-03-03T04:16:49+00:00,moving,,https://www.unegui.mn/adv/10104322_krantai-mashinaar-teewer-hiine/,no,86036080
10037277,Ачаа ачна,50000,"50,000₮",MNT,,"УБ — Сонгинохайрхан, Сонгинохайрхан, Хороо 1",Сонгинохайрхан,Өчигдөр,2026-03-03T04:16:49+00:00,moving,,https://www.unegui.mn/adv/10037277_achaa-achna/,no,99039334
10167421,Нүүлгэлт тээвэр,20000,"20,000₮",MNT,,"УБ — Сонгинохайрхан, Сонгинохайрхан, Хороо 12",Сонгинохайрхан,Өчигдөр,2026-03-03T04:16:49+00:00,moving,,https://www.unegui.mn/adv/10167421_achaa-achna88193738/,no,99206285
9139560,Амьжиргаа ачаа ачина,,Үнэ тохирно,MNT,,"УБ — Чингэлтэй, Баянбүрд",Чингэлтэй,Өчигдөр,2026-03-03T04:16:49+00:00,moving,,https://www.unegui.mn/adv/9139560_amzhirgaa-achaa-achina/,no,99288589
2933320,"Маяти ачаа тээвэр, нүүлгэлт хийнэ",,Үнэ тохирно,MNT,,"УБ — Баянгол, 10-р хороолол",Баянгол,Өчигдөр,2026-03-03T04:16:49+00:00,moving,,https://www.unegui.mn/adv/2933320_achaa-zuunu-nuulgelt-hiine/,no,99176691
9225106,Дуудлагаар ачаа хүргэлт,40000,"40,000₮",MNT,,"УБ — Баянгол, 10-р хороолол",Баянгол,Өчигдөр,2026-03-03T04:16:49+00:00,moving,,https://www.unegui.mn/adv/9225106_duudlagaar-achaa-khurgelt/,no,95983362
10139398,Хог ачна,40000,"40,000₮",MNT,,"УБ — Баянгол, 3, 4 хороолол",Баянгол,Өчигдөр,2026-03-03T04:16:49+00:00,moving,,https://www.unegui.mn/adv/10139398_khog-achna/,no,95750084
7461045,Ачаа ачна,,Үнэ тохирно,MNT,,"УБ — Сонгинохайрхан, Баянхошуу",Сонгинохайрхан,1 өдрийн өмнө,2026-03-03T04:16:49+00:00,moving,,https://www.unegui.mn/adv/7461045_achaa-achna/,no,99885949
9743280,Nuulgelt teewer,,Үнэ тохирно,MNT,,"УБ — Сонгинохайрхан, 21-р хороолол",Сонгинохайрхан,1 өдрийн өмнө,2026-03-03T04:16:49+00:00,moving,,https://www.unegui.mn/adv/9743280_nuulgelt-teewer/,no,90062404
10164739,Bongo машинаар ачаа ачна,20000,"20,000₮",MNT,,"УБ — Баянзүрх, Баянзүрх, Хороо 26",Баянзүрх,1 өдрийн өмнө,2026-03-03T04:16:49+00:00,moving,,https://www.unegui.mn/adv/10164739_bongo-mashinaar-achaa-achna/,no,88803064
9232784,Амжиргаа ачаа зөөнө,,Үнэ тохирно,MNT,,"УБ — Хан-Уул, 19-р хороолол",Хан-Уул,1 өдрийн өмнө,2026-03-03T04:16:49+00:00,moving,,https://www.unegui.mn/adv/9232784_amzhirgaa-achaa-zoono/,no,99091852
10163944,Портер амжиргаа машинаар ачаа ачна,,Үнэ тохирно,MNT,,"УБ — Баянгол, 3, 4 хороолол",Баянгол,1 өдрийн өмнө,2026-03-03T04:16:49+00:00,moving,,https://www.unegui.mn/adv/10163944_porter-amzhirgaa-mashinaar-achaa-achna/,no,94275490
317056,Kangaroo нүүлгэлтийн цогц үйлчилгээ,300000,"300,000₮",MNT,,"УБ — Сонгинохайрхан, 1-р хороолол",Сонгинохайрхан,2 өдрийн өмнө,2026-03-03T04:16:49+00:00,moving,,https://www.unegui.mn/adv/317056_kangaroo-nlgelt-jlchilgee/,no,91122929
7692498,"Нүүлгэнэ,ачаа ачна амжиргаа",30000,"30,000₮",MNT,,"УБ — Баянгол, 3, 4 хороолол",Баянгол,2 өдрийн өмнө,2026-03-03T04:16:49+00:00,moving,,https://www.unegui.mn/adv/7692498_achaa-achna-nuulgene-amzhirgaa-tsagaan/,no,95983362
8344052,Хог ачна,40000,"40,000₮",MNT,,"УБ — Баянгол, 3, 4 хороолол",Баянгол,2 өдрийн өмнө,2026-03-03T04:16:49+00:00,moving,,https://www.unegui.mn/adv/8344052_khog-achna/,no,96055737
10163507,Porter mashinaar achaa achna,,Үнэ тохирно,MNT,,"УБ — Хан-Уул, Хан-Уул, Хороо 21",Хан-Уул,2 өдрийн өмнө,2026-03-03T04:16:49+00:00,moving,,https://www.unegui.mn/adv/10163507_porter-mashinaar-achaa-achna-utas-89999377/,no,89999377
8343744,Амжиргаа ачаа ачна,5000,"5,000₮",MNT,,"УБ — Хан-Уул, Нисэх",Хан-Уул,2 өдрийн өмнө,2026-03-03T04:16:49+00:00,moving,,https://www.unegui.mn/adv/8343744_amzhirgaa-achaa-achna/,no,90463339
10161531,Портер машин ачаа ачна,,Үнэ тохирно,MNT,,"УБ — Баянзүрх, Баянзүрх, Хороо 35",Баянзүрх,3 өдрийн өмнө,2026-03-03T04:16:49+00:00,moving,,https://www.unegui.mn/adv/10161531_porter-mashinaar-achaa-achna/,no,91334680
5519485,"Ачаа ачна, нүүлгэнэ",20000,"20,000₮",MNT,,"УБ — Баянгол, 25-р эмийн сан",Баянгол,3 өдрийн өмнө,2026-03-03T04:16:49+00:00,moving,,https://www.unegui.mn/adv/5519485_amzhirgaagaar-achaa-achna-nuulgene/,no,99834924
5649768,Hog achina,1,1₮,MNT,,"УБ — Баянзүрх, 16-р хороолол",Баянзүрх,3 өдрийн өмнө,2026-03-03T04:16:49+00:00,moving,,https://www.unegui.mn/adv/5649768_hog-achina/,no,88010240
9503884,"Krantai mashinaar achaa zuunu, achaa urgunu buulgana",2,2₮,MNT,,"УБ — Баянгол, Баруун 4 зам",Баянгол,3 өдрийн өмнө,2026-03-03T04:16:49+00:00,moving,,https://www.unegui.mn/adv/9503884_krantai-mashinaar-achaa-zuunu-achaa-urgunu-buulgana/,no,96006410
7495728,Тээвэр,,Үнэ тохирно,MNT,,"УБ — Хан-Уул, Яармаг",Хан-Уул,3 өдрийн өмнө,2026-03-03T04:16:49+00:00,moving,,https://www.unegui.mn/adv/7495728_teever/,no,99085936
7448099,Амжиргаа ачаа ачна,30000,"30,000₮",MNT,,"УБ — Хан-Уул, Хан-Уул, Хороо 1",Хан-Уул,3 өдрийн өмнө,2026-03-03T04:16:49+00:00,moving,,https://www.unegui.mn/adv/7448099_amzhirgaa-achaa-achna/,no,99072138
10160464,Хүнсний хүргэлт хийнэ,1,1₮,MNT,,"УБ — Баянзүрх, 15-р хороолол",Баянзүрх,3 өдрийн өмнө,2026-03-03T04:16:49+00:00,moving,,https://www.unegui.mn/adv/10160464_khunsnii-khurgelt-khiine/,no,86862357
7952495,Амжиргаа ачаа ачна,35000,"35,000₮",MNT,,"УБ — Баянгол, 3, 4 хороолол",Баянгол,3 өдрийн өмнө,2026-03-03T04:16:49+00:00,moving,,https://www.unegui.mn/adv/7952495_amzhirgaa-achaa-achna/,no,95630069
10021608,Ачаа ачна,1000,"1,000₮",MNT,,"УБ — Сонгинохайрхан, 1-р хороолол",Сонгинохайрхан,3 өдрийн өмнө,2026-03-03T04:16:49+00:00,moving,,https://www.unegui.mn/adv/10021608_achaa-achina/,no,80556077
4994312,Крантай машин,100000,"100,000₮",MNT,,"УБ — Баянзүрх, Офицер",Баянзүрх,4 өдрийн өмнө,2026-03-03T04:16:49+00:00,moving,,https://www.unegui.mn/adv/4994312_azhil-uilchilgee/,no,88060447
4564976,Амьжиргаа цагаан машинаар ачаа,40000,"40,000₮",MNT,,"УБ — Баянзүрх, 16-р хороолол",Баянзүрх,4 өдрийн өмнө,2026-03-03T04:16:49+00:00,moving,,https://www.unegui.mn/adv/4564976_amzhirgaagaar-achaa-achna/,no,98202415
8660342,Хог ачна,40000,"40,000₮",MNT,,"УБ — Баянгол, Баруун 4 зам",Баянгол,4 өдрийн өмнө,2026-03-03T04:16:49+00:00,moving,,https://www.unegui.mn/adv/8660342_khog-achna/,no,99834924
9886168,Хог ачна,40000,"40,000₮",MNT,,"УБ — Баянгол, 10-р хороолол",Баянгол,4 өдрийн өмнө,2026-03-03T04:16:49+00:00,moving,,https://www.unegui.mn/adv/9886168_khog-achna/,no,90275737
9484342,Крантай машинаар нүүлгэлт тээвэр,100000,"100,000₮",MNT,,"УБ — Баянзүрх, Офицер",Баянзүрх,4 өдрийн өмнө,2026-03-03T04:16:49+00:00,moving,,https://www.unegui.mn/adv/9484342_krantai-mashinaar-azhildkhiamd-turgen-shuurkhai-uilchilne-sos-khiine-mashin-achna/,no,88667066
10005457,Хөргүүртэй маяти ачаа тээвэр хийнэ,100000,"100,000₮",MNT,,"УБ — Баянзүрх, 16-р хороолол",Баянзүрх,4 өдрийн өмнө,2026-03-03T04:16:49+00:00,moving,,https://www.unegui.mn/adv/10005457_khorguurtei-maiati-achaa-teever-khiine-khamtarch-azhillana/,no,88667066
10098088,Ниссан атлас тээвэр хийнэ,100000,"100,000₮",MNT,,"УБ — Хан-Уул, Яармаг",Хан-Уул,4 өдрийн өмнө,2026-03-03T04:16:49+00:00,moving,,https://www.unegui.mn/adv/10098088_nissan-atlas-teever/,no,80434864
7792394,Barilgiin hog.барилгын хог тээвэр,280000,"280,000₮",MNT,,"УБ — Налайх, Налайх, Хороо 4",Налайх,5 өдрийн өмнө,2026-03-03T04:16:49+00:00,moving,,https://www.unegui.mn/adv/7792394_barilgiin-hog-duudlagaar-achina/,no,86063530
10156007,Ачаа ачина,1,1₮,MNT,,"УБ — Баянзүрх, Баянзүрх, Хороо 13",Баянзүрх,5 өдрийн өмнө,2026-03-03T04:16:49+00:00,moving,,https://www.unegui.mn/adv/10156007_achaa-bainga-achna/,no,91236664
1843578,Айл гэр албан байгууллагад оффисын нүүлгэлт,1,1₮,MNT,,"УБ — Баянгол, Баруун 4 зам",Баянгол,5 өдрийн өмнө,2026-03-03T04:16:49+00:00,moving,,https://www.unegui.mn/adv/1843578_ail-ger-alban-baiguullaga-offisyn-nuulgelt/,no,80135011
7962452,"Хог ачна, амжиргаа цагаанаар",40000,"40,000₮",MNT,,"УБ — Баянгол, Баруун 4 зам",Баянгол,5 өдрийн өмнө,2026-03-03T04:16:49+00:00,moving,,https://www.unegui.mn/adv/7962452_khog-achna-amzhirgaa-tsagaanaar/,no,99530762
9202436,Нүүлгэлт тээвэрт явна,10000,"10,000₮",MNT,,"УБ — Сонгинохайрхан, 1-р хороолол",Сонгинохайрхан,5 өдрийн өмнө,2026-03-03T04:16:49+00:00,moving,,https://www.unegui.mn/adv/9202436_10000/,no,88839592
10120621,Кантер машинаар ачаа ачна,,Үнэ тохирно,MNT,,"УБ — Баянзүрх, Сансар",Баянзүрх,5 өдрийн өмнө,2026-03-03T04:16:49+00:00,moving,,https://www.unegui.mn/adv/10120621_kanter-mashinaar-achaa-achna-niiluulne/,no,88765128
10154185,Хово сомосмолоор тээвэр хийнэ,100000,"100,000₮",MNT,,"УБ — Баянзүрх, Баянзүрх, Хороо 10",Баянзүрх,5 өдрийн өмнө,2026-03-03T04:16:49+00:00,moving,,https://www.unegui.mn/adv/10154185_khovo-somosmoloor-teever-khiine/,no,88883564
9477754,"5tonn kran,крантай vilchilgee",,Үнэ тохирно,MNT,,"УБ — Баянзүрх, Амгалан",Баянзүрх,6 өдрийн өмнө,2026-03-03T04:16:49+00:00,moving,,https://www.unegui.mn/adv/9477754_5tonn-kran-krantai-vilchilgee/,no,96516181
10152286,Бүх төрлийн ачаа ачна,,Үнэ тохирно,MNT,,"УБ — Чингэлтэй, Зурагт",Чингэлтэй,6 өдрийн өмнө,2026-03-03T04:16:49+00:00,moving,,https://www.unegui.mn/adv/10152286_bukh-torliin-achaa-achna/,no,88303640
5369191,Porter mashin achaa achna,1,1₮,MNT,,"УБ — Баянзүрх, Офицер",Баянзүрх,6 өдрийн өмнө,2026-03-03T04:16:49+00:00,moving,,https://www.unegui.mn/adv/5369191_porter-mashin-achaa-achna/,no,88762874
4469338,Achaa achna,,Үнэ тохирно,MNT,,"УБ — Чингэлтэй, Чингэлтэй, Хороо 8",Чингэлтэй,6 өдрийн өмнө,2026-03-03T04:16:49+00:00,moving,,https://www.unegui.mn/adv/4469338_achaa-achna/,no,88318328
3870411,Нүүлгэлтийн цогц үйлчилгээ,300000,"300,000₮",MNT,,"УБ — Сонгинохайрхан, 1-р хороолол",Сонгинохайрхан,6 өдрийн өмнө,2026-03-03T04:16:49+00:00,moving,,https://www.unegui.mn/adv/3870411_kangaroo-nuulgelt-uilchilgee/,no,91312929
9957267,Ачаа ачна,,Үнэ тохирно,MNT,,"УБ — Чингэлтэй, Чингэлтэй",Чингэлтэй,6 өдрийн өмнө,2026-03-03T04:16:49+00:00,moving,,https://www.unegui.mn/adv/9957267_achaa-achna/,no,98064410
3995088,Porter 2 aчаа,80,80₮,MNT,,"УБ — Сонгинохайрхан, Сонгинохайрхан, Хороо 17",Сонгинохайрхан,6 өдрийн өмнө,2026-03-03T04:16:49+00:00,moving,,https://www.unegui.mn/adv/3995088_porter-2-achaa-achina/,no,99151131
9450750,Хот хөдөө ачаа ачина,,Үнэ тохирно,MNT,,"УБ — Сонгинохайрхан, 5 шар",Сонгинохайрхан,6 өдрийн өмнө,2026-03-03T04:16:54+00:00,moving,,https://www.unegui.mn/adv/9450750_khot-khodoo-achaa-achin/,no,88839592
8141237,Hog achna,280000,"280,000₮",MNT,,"УБ — Баянзүрх, Амгалан",Баянзүрх,1 долоо хоногийн өмнө,2026-03-03T04:16:54+00:00,moving,,https://www.unegui.mn/adv/8141237_khog-teever/,no,88010240
9174128,Хог ачна тээвэр хийнэ.,200000,"200,000₮",MNT,,"УБ — Баянзүрх, 13-р хороолол",Баянзүрх,1 долоо хоногийн өмнө,2026-03-03T04:16:54+00:00,moving,,https://www.unegui.mn/adv/9174128_khog-achna-bukh-torliin-teever-khiine/,no,88763310
8893373,Ачаа тээвэр хог ачина,200000,"200,000₮",MNT,,"УБ — Баянзүрх, Офицер",Баянзүрх,1 долоо хоногийн өмнө,2026-03-03T04:16:54+00:00,moving,,https://www.unegui.mn/adv/8893373_achaa-teever-khog-achina/,no,88763310
7364191,Крантай машинаар хот хөдөө тээвэр хийнэ,,Үнэ тохирно,MNT,,"УБ — Сонгинохайрхан, Сонсголон",Сонгинохайрхан,1 долоо хоногийн өмнө,2026-03-03T04:16:54+00:00,moving,,https://www.unegui.mn/adv/7364191_krantai-mashinaar-khot-khodoo-teever-khiine/,no,99709890
9454555,Крантай машин,,Үнэ тохирно,MNT,,"УБ — Сонгинохайрхан, Сонсголон",Сонгинохайрхан,1 долоо хоногийн өмнө,2026-03-03T04:16:54+00:00,moving,,https://www.unegui.mn/adv/9454555_krantai-mashin/,no,99709890
9370302,Крантай машин,,Үнэ тохирно,MNT,,"УБ — Сонгинохайрхан, Сонсголон",Сонгинохайрхан,1 долоо хоногийн өмнө,2026-03-03T04:16:54+00:00,moving,,https://www.unegui.mn/adv/9370302_krantai-mashin/,no,99709890
9246501,Крантай машин,,Үнэ тохирно,MNT,,"УБ — Сонгинохайрхан, Сонсголон",Сонгинохайрхан,1 долоо хоногийн өмнө,2026-03-03T04:16:54+00:00,moving,,https://www.unegui.mn/adv/9246501_krantai-mashinaar-uilchilne/,no,99709890
9017524,Krantai mashinaar ajil hiine,,Үнэ тохирно,MNT,,"УБ — Сонгинохайрхан, Сонсголон",Сонгинохайрхан,1 долоо хоногийн өмнө,2026-03-03T04:16:54+00:00,moving,,https://www.unegui.mn/adv/9017524_krantai-mashinaar-ajil-hiine/,no,99709890
10149468,Хог ачна,,Үнэ тохирно,MNT,,"УБ — Баянзүрх, Шар хад",Баянзүрх,1 долоо хоногийн өмнө,2026-03-03T04:16:54+00:00,moving,,https://www.unegui.mn/adv/10149468_khog-achna/,no,99957740
10001085,5 тонны кантер,150000,"150,000₮",MNT,,"УБ — Баянзүрх, Баянзүрх, Хороо 15",Баянзүрх,1 долоо хоногийн өмнө,2026-03-03T04:16:54+00:00,moving,,https://www.unegui.mn/adv/10001085_5-tonny-kanter-tureeselne/,no,99824082
8845434,3-т кран ажил хийнэ,60000,"60,000₮",MNT,,"УБ — Баянзүрх, Товчоо",Баянзүрх,1 долоо хоногийн өмнө,2026-03-03T04:16:54+00:00,moving,,https://www.unegui.mn/adv/8845434_3t-kran-azhil-khiine/,no,80924000
3777472,Porteroor achaa achna,10000,"10,000₮",MNT,,"УБ — Баянгол, 3, 4 хороолол",Баянгол,1 долоо хоногийн өмнө,2026-03-03T04:16:54+00:00,moving,,https://www.unegui.mn/adv/3777472_nuulgelt-teever/,no,96662004
9927834,Зөөвөр хийнэ,1,1₮,MNT,,"УБ — Баянзүрх, Баянзүрх, Хороо 37",Баянзүрх,1 долоо хоногийн өмнө,2026-03-03T04:16:54+00:00,moving,,https://www.unegui.mn/adv/9927834_zoovor-khiine/,no,95687732
9880247,Дуудлагын авто ачигч,,Үнэ тохирно,MNT,,"УБ — Хан-Уул, 19-р хороолол",Хан-Уул,1 долоо хоногийн өмнө,2026-03-03T04:16:54+00:00,moving,,https://www.unegui.mn/adv/9880247_duudlagyn-avto-achigch/,no,80101004
9931710,Хово машинаар хог ачна,,Үнэ тохирно,MNT,,"УБ — Баянзүрх, Амгалан",Баянзүрх,1 долоо хоногийн өмнө,2026-03-03T04:16:54+00:00,moving,,https://www.unegui.mn/adv/9931710_khovo-mashinaar-khog-achna/,no,88089717
8816927,Барилгын хог ачна,1,1₮,MNT,,"УБ — Баянзүрх, Офицер",Баянзүрх,1 долоо хоногийн өмнө,2026-03-03T04:16:54+00:00,moving,,https://www.unegui.mn/adv/8816927_barilgyn-khog/,no,88089717
8817259,Барилгын хог ачна,300000,"300,000₮",MNT,,"УБ — Баянзүрх, Цайз 16",Баянзүрх,1 долоо хоногийн өмнө,2026-03-03T04:16:54+00:00,moving,,https://www.unegui.mn/adv/8817259_barilgyn-khog-achna/,no,88052302
7638515,Хог ачна,150000,"150,000₮",MNT,,"УБ — Баянзүрх, Офицер",Баянзүрх,1 долоо хоногийн өмнө,2026-03-03T04:16:54+00:00,moving,,https://www.unegui.mn/adv/7638515_khog-achna/,no,88089717
10147241,Амьжиргаа ачаа ачна,60000,"60,000₮",MNT,,"УБ — Баянзүрх, Баянзүрх, Хороо 13",Баянзүрх,1 долоо хоногийн өмнө,2026-03-03T04:16:54+00:00,moving,,https://www.unegui.mn/adv/10147241_amzhirgaa-achaa-achna/,no,90072404
444676,Шланз машинаар aчаа тээвэрлэнэ,,Үнэ тохирно,MNT,,"УБ — Сонгинохайрхан, Сонгинохайрхан, Хороо 20",Сонгинохайрхан,1 долоо хоногийн өмнө,2026-03-03T04:16:54+00:00,moving,,https://www.unegui.mn/adv/444676_shlanz-mashinuudaar-hot-dotor-bolon-hd-oron-nutagt-teever-hijnee/,no,88013141
8519500,Хог ачна,30000,"30,000₮",MNT,,"УБ — Баянгол, Баруун 4 зам",Баянгол,1 долоо хоногийн өмнө,2026-03-03T04:16:54+00:00,moving,,https://www.unegui.mn/adv/8519500_khog-achna/,no,99520078
8964933,Zooмlion кран,10000,"10,000₮",MNT,,"УБ — Сонгинохайрхан, Сонгинохайрхан, Хороо 20",Сонгинохайрхан,1 долоо хоногийн өмнө,2026-03-03T04:16:54+00:00,moving,,https://www.unegui.mn/adv/8964933_20-25-30-35-50-55tonnyn-kran-azhil-khiine/,no,88123051
9224669,Тээвэр,,Үнэ тохирно,MNT,,"УБ — Хан-Уул, Яармаг",Хан-Уул,1 долоо хоногийн өмнө,2026-03-03T04:16:54+00:00,moving,,https://www.unegui.mn/adv/9224669_teever/,no,99085936
8587699,Хог ачна,40000,"40,000₮",MNT,,"УБ — Баянгол, 3, 4 хороолол",Баянгол,1 долоо хоногийн өмнө,2026-03-03T04:16:54+00:00,moving,,https://www.unegui.mn/adv/8587699_khog-achna/,no,99331962
7446925,Barilgin hog achilt,300000,"300,000₮",MNT,,"УБ — Баянзүрх, 14-р хороолол",Баянзүрх,1 долоо хоногийн өмнө,2026-03-03T04:16:54+00:00,moving,,https://www.unegui.mn/adv/7446925_9m3-4m3-barilgin-hog-achilt/,no,96376060
8925833,Хог тээвэр,300000,"300,000₮",MNT,,"УБ — Баянзүрх, 14-р хороолол",Баянзүрх,1 долоо хоногийн өмнө,2026-03-03T04:16:54+00:00,moving,,https://www.unegui.mn/adv/8925833_khog-teever/,no,96376060
7436894,els hairga bolon teewer uilchilge,380000,"380,000₮",MNT,,"УБ — Налайх, Налайх, Хороо 4",Налайх,1 долоо хоногийн өмнө,2026-03-03T04:16:54+00:00,moving,,https://www.unegui.mn/adv/7436894_els-hairga-toosgo/,no,96376060
8515206,Нүүлгэнэ ачаа ачна,30000,"30,000₮",MNT,,"УБ — Баянгол, Баруун 4 зам",Баянгол,1 долоо хоногийн өмнө,2026-03-03T04:16:54+00:00,moving,,https://www.unegui.mn/adv/8515206_nuulgene-achaa-achna/,no,99520078
8871945,Хог ачна,40000,"40,000₮",MNT,,"УБ — Баянгол, 25-р эмийн сан",Баянгол,1 долоо хоногийн өмнө,2026-03-03T04:16:54+00:00,moving,,https://www.unegui.mn/adv/8871945_khog-achna/,no,98295808
9500648,Amjirgaa achaa achna,,Үнэ тохирно,MNT,,"УБ — Сонгинохайрхан, 21-р хороолол",Сонгинохайрхан,1 долоо хоногийн өмнө,2026-03-03T04:16:54+00:00,moving,,https://www.unegui.mn/adv/9500648_amjirgaa/,no,80135011
8849850,"Ачаа ачна,нүүлгэнэ",30000,"30,000₮",MNT,,"УБ — Баянгол, Баруун 4 зам",Баянгол,1 долоо хоногийн өмнө,2026-03-03T04:16:54+00:00,moving,,https://www.unegui.mn/adv/8849850_achaa-achna-nuulgene/,no,98295808
8243389,Хог ачна,30000,"30,000₮",MNT,,"УБ — Баянгол, 3, 4 хороолол",Баянгол,1 долоо хоногийн өмнө,2026-03-03T04:16:54+00:00,moving,,https://www.unegui.mn/adv/8243389_khog-achna/,no,80900802
10144221,машин ачаа ачина,8,8₮,MNT,,"УБ — Сонгинохайрхан, Сонгинохайрхан, Хороо 10",Сонгинохайрхан,1 долоо хоногийн өмнө,2026-03-03T04:16:54+00:00,moving,,https://www.unegui.mn/adv/10144221_bukh-torliin-mashin-achaa-achina/,no,88558822
9385495,"Амжиргаа цагаанаар ачаа ачна, нүүлгэнэ",40000,"40,000₮",MNT,,"УБ — Баянгол, 10-р хороолол",Баянгол,1 долоо хоногийн өмнө,2026-03-03T04:16:54+00:00,moving,,https://www.unegui.mn/adv/9385495_amzhirgaa-tsagaanaar-achaa-achna-nuulgene/,no,60065808
9412732,Porter,1000,"1,000₮",MNT,,"УБ — Хан-Уул, 120 мянгат",Хан-Уул,1 долоо хоногийн өмнө,2026-03-03T04:16:54+00:00,moving,,https://www.unegui.mn/adv/9412732_porter/,no,99695053
8321774,"Хог ачна,амжиргаа цагаан",40000,"40,000₮",MNT,,"УБ — Баянгол, 10-р хороолол",Баянгол,2 долоо хоногийн өмнө,2026-03-03T04:16:54+00:00,moving,,https://www.unegui.mn/adv/8321774_khog-achna-amzhirgaa-tsagaan/,no,88711962
8449704,"Ачаа ачна,нүүлгэнэ амжиргаа цагаан",30000,"30,000₮",MNT,,"УБ — Баянгол, 10-р хороолол",Баянгол,2 долоо хоногийн өмнө,2026-03-03T04:16:54+00:00,moving,,https://www.unegui.mn/adv/8449704_achaa-achna-nuulgene-amzhirgaa-tsagaan/,no,88711962
8803211,Хог ачна,40000,"40,000₮",MNT,,"УБ — Баянгол, 3, 4 хороолол",Баянгол,2 долоо хоногийн өмнө,2026-03-03T04:16:54+00:00,moving,,https://www.unegui.mn/adv/8803211_khog-achna/,no,95983362
10143482,Бүх төрлийн нүүлгэлт үйлчилгээ,,Үнэ тохирно,MNT,,"УБ — Баянгол, Баруун 4 зам",Баянгол,2 долоо хоногийн өмнө,2026-03-03T04:16:54+00:00,moving,,https://www.unegui.mn/adv/10143482_ail-nuulgelt-bukh-torliin-nuulgelt-uilchilgee-achaa-teever/,no,80663216
10142391,Портер машинаар ачаа ачна,150000,"150,000₮",MNT,,"УБ — Сонгинохайрхан, Сонгинохайрхан, Хороо 31",Сонгинохайрхан,2 долоо хоногийн өмнө,2026-03-03T04:16:54+00:00,moving,,https://www.unegui.mn/adv/10142391_porter-mashinaar-achaa-achna/,no,99249411
9723350,Хог ачна.,40000,"40,000₮",MNT,,"УБ — Баянгол, Баруун 4 зам",Баянгол,2 долоо хоногийн өмнө,2026-03-03T04:16:54+00:00,moving,,https://www.unegui.mn/adv/9723350_khog-achna/,no,60065808
5815351,Achaa achna mighty achaa achna nuulgelt hiine,200000,"200,000₮",MNT,,"УБ — Чингэлтэй, Хайлааст",Чингэлтэй,2 долоо хоногийн өмнө,2026-03-03T04:16:54+00:00,moving,,https://www.unegui.mn/adv/5815351_achaa-teever-hiine-ail-nuulgene/,no,88066420
9104972,Нүүлгэлт тээвэр,,Үнэ тохирно,MNT,,"УБ — Баянгол, Богд-Ар",Баянгол,2 долоо хоногийн өмнө,2026-03-03T04:16:54+00:00,moving,,https://www.unegui.mn/adv/9104972_nuulgelt-teever/,no,95147411
7361395,Porter achaa achna,5900,"5,900₮",MNT,,"УБ — Баянгол, 10-р хороолол",Баянгол,2 долоо хоногийн өмнө,2026-03-03T04:16:54+00:00,moving,,https://www.unegui.mn/adv/7361395_porter-achaa-achna/,no,96096767
9215658,Mazda bongo,20000,"20,000₮",MNT,,"УБ — Баянзүрх, Сансар",Баянзүрх,2 долоо хоногийн өмнө,2026-03-03T04:16:54+00:00,moving,,https://www.unegui.mn/adv/9215658_mazda-bongo/,no,80833316
9547008,Нүүлгэлт,,Үнэ тохирно,MNT,,"УБ — Баянзүрх, Баянзүрх, Хороо 14",Баянзүрх,2 долоо хоногийн өмнө,2026-03-03T04:16:54+00:00,moving,,https://www.unegui.mn/adv/9547008_nuulgelt/,no,80005083
10138662,Ачаа ачна,,Үнэ тохирно,MNT,,"УБ — Сонгинохайрхан, Ханын материал",Сонгинохайрхан,2 долоо хоногийн өмнө,2026-03-03T04:16:54+00:00,moving,,https://www.unegui.mn/adv/10138662_achaa-achina/,no,80006184
9334979,Hot hodoo achaa achna,100000,"100,000₮",MNT,,"УБ — Баянзүрх, Амгалан",Баянзүрх,2 долоо хоногийн өмнө,2026-03-03T04:16:54+00:00,moving,,https://www.unegui.mn/adv/9334979_hot-hodoo-achaa-achna/,no,99046292
9316922,Achaa achna,100000,"100,000₮",MNT,,"УБ — Баянзүрх, Амгалан",Баянзүрх,2 долоо хоногийн өмнө,2026-03-03T04:16:54+00:00,moving,,https://www.unegui.mn/adv/9316922_turgen-shuurhai-achaa-achna/,no,99046292
9691847,5tn bolon porter mashinaar achaa achna hot hodoo,100000,"100,000₮",MNT,,"УБ — Баянзүрх, Амгалан",Баянзүрх,2 долоо хоногийн өмнө,2026-03-03T04:16:54+00:00,moving,,https://www.unegui.mn/adv/9691847_5tn-bolon-porter-mashinaar-achaa-achna-hot-hodoo/,no,99046292
9676907,Ачаа ачна чиргүүлтэй,100000,"100,000₮",MNT,,"УБ — Баянзүрх, Улиастай",Баянзүрх,2 долоо хоногийн өмнө,2026-03-03T04:16:54+00:00,moving,,https://www.unegui.mn/adv/9676907_achaa-achna-chirguultei/,no,99046292
9691739,Achaa achna chirguultei,100000,"100,000₮",MNT,,"УБ — Баянзүрх, Ботаник",Баянзүрх,2 долоо хоногийн өмнө,2026-03-03T04:16:54+00:00,moving,,https://www.unegui.mn/adv/9691739_achaa-achna-chirguultei/,no,99046292
9676887,"Teever hiine, chirguultei",100000,"100,000₮",MNT,,"УБ — Баянзүрх, Амгалан",Баянзүрх,2 долоо хоногийн өмнө,2026-03-03T04:16:54+00:00,moving,,https://www.unegui.mn/adv/9676887_teever-hiine-chirguultei/,no,99046292
10137305,Ачаа тээвэр хийнэ,1,1₮,MNT,,"УБ — Чингэлтэй, Чингэлтэй, Хороо 10",Чингэлтэй,2 долоо хоногийн өмнө,2026-03-03T04:16:54+00:00,moving,,https://www.unegui.mn/adv/10137305_achaa-teever-khiine/,no,91155678
9794167,Achaa achnaa,,Үнэ тохирно,MNT,,"УБ — Баянгол, 25-р эмийн сан",Баянгол,2 долоо хоногийн өмнө,2026-03-03T04:16:54+00:00,moving,,https://www.unegui.mn/adv/9794167_achaa-achnaa/,no,88095545
7964300,Крантай машинаар ажил хийнэ,2,2₮,MNT,,"УБ — Баянгол, 3, 4 хороолол",Баянгол,2 долоо хоногийн өмнө,2026-03-03T04:16:54+00:00,moving,,https://www.unegui.mn/adv/7964300_krantai-mashinaar-azhil-khiine/,no,99121075
10130098,Портер ачаа ачна,,Үнэ тохирно,MNT,,"УБ — Хан-Уул, Хан-Уул, Хороо 23",Хан-Уул,2 долоо хоногийн өмнө,2026-03-03T04:16:54+00:00,moving,,https://www.unegui.mn/adv/10130098_porter-achaa-achna/,no,95075511
10126528,Ачаа ачна,50000,"50,000₮",MNT,,"УБ — Сонгинохайрхан, Сонгинохайрхан, Хороо 16",Сонгинохайрхан,3 долоо хоногийн өмнө,2026-03-03T04:16:54+00:00,moving,,https://www.unegui.mn/adv/10126528_achaa-achna/,no,99039334
8507464,Amjirgaa acha achna,,Үнэ тохирно,MNT,,"УБ — Хан-Уул, 19-р хороолол",Хан-Уул,3 долоо хоногийн өмнө,2026-03-03T04:16:54+00:00,moving,,https://www.unegui.mn/adv/8507464_amjirga-acha-achin/,no,88121786
