id,title,price,price_raw,currency,description,location,district,date_posted,date_scraped,category,subcategory,url,phone_visible,phone
7934741,Сантехник дуудлага засвар,,Үнэ тохирно,MNT,,"УБ — Сүхбаатар, Сүхбаатар, Хороо 1",Сүхбаатар,1 өдрийн өмнө,2026-03-03T04:18:56+00:00,plumbing,,https://www.unegui.mn/adv/7934741_santekhnik-duudlaga-zasvar/,no,95119527
7301962,Сантeхникийн ажил хийнэ,9010,"9,010₮",MNT,,"УБ — Сүхбаатар, Сүхбаатар, Хороо 1",Сүхбаатар,1 өдрийн өмнө,2026-03-03T04:18:56+00:00,plumbing,,https://www.unegui.mn/adv/7301962_santekhnikiin-azhil-khiine/,no,90094774
6342106,Дуудлагын сантехникийн засвар,50000,"50,000₮",MNT,,"УБ — Сүхбаатар, Сүхбаатар, Хороо 1",Сүхбаатар,6 өдрийн өмнө,2026-03-03T04:18:56+00:00,plumbing,,https://www.unegui.mn/adv/6342106_duudlagyn-santekhnikiin-zasvar-khiine-mon-shineer-ugsarna/,no,86118233
1431668,"Цэвэр бохирын шугам хөлдсөнийг гэсгээнэ, сан гагнуур хийнэ.",,Үнэ тохирно,MNT,,"УБ — Сүхбаатар, Сүхбаатар, Хороо 1",Сүхбаатар,1 долоо хоногийн өмнө,2026-03-03T04:18:56+00:00,plumbing,,https://www.unegui.mn/adv/1431668_santehnik-tsever-bolon-bohiryin-shugam-gesgeene-hld-gargana/,no,89092968
10047535,Bohirin bugluus gargana,,Үнэ тохирно,MNT,,"УБ — Сүхбаатар, 100 айл",Сүхбаатар,2 долоо хоногийн өмнө,2026-03-03T04:18:56+00:00,plumbing,,https://www.unegui.mn/adv/10047535_bohirin-bugluus-gargana/,no,99210956
1525461,Tsever bohiriin hulduus uuraar gargana,,Үнэ тохирно,MNT,,"УБ — Сүхбаатар, Сүхбаатар, Хороо 1",Сүхбаатар,3 долоо хоногийн өмнө,2026-03-03T04:18:56+00:00,plumbing,,https://www.unegui.mn/adv/1525461_tsever-bohiriin-hulduus-uuraar-gargan/,no,99843444
2068765,Барилгын сантехникийн угсралт,,Үнэ тохирно,MNT,,"УБ — Сүхбаатар, Сүхбаатар, Хороо 1",Сүхбаатар,1 сарын өмнө,2026-03-03T04:18:56+00:00,plumbing,,https://www.unegui.mn/adv/2068765_barilgyn-santekhnikiin-ugsralt-khiizh-guitsetgene/,no,99095258
4670331,Холигч солино,1,1₮,MNT,,"УБ — Сүхбаатар, Сүхбаатар, Хороо 1",Сүхбаатар,3 минутын өмнө,2026-03-03T04:18:56+00:00,plumbing,,https://www.unegui.mn/adv/4670331_kholigch-solino/,no,95101617
6794584,Ugaalgin mashin holbono,,Үнэ тохирно,MNT,,"УБ — Сүхбаатар, Сүхбаатар, Хороо 1",Сүхбаатар,4 минутын өмнө,2026-03-03T04:18:56+00:00,plumbing,,https://www.unegui.mn/adv/6794584_ugaalgin-mashin-holbono/,no,95101617
5110882,"Ugaalgiin mashinii suuri xiine, mun bannii nvvrnii xaalt xiine",,Үнэ тохирно,MNT,,"УБ — Сүхбаатар, Сүхбаатар, Хороо 1",Сүхбаатар,Өчигдөр,2026-03-03T04:18:56+00:00,plumbing,,https://www.unegui.mn/adv/5110882_ugaalgiin-mashinii-suuri-xiine-mun-bannii-nvvrnii-xaalt-xiine/,no,88480601
4853357,Bann suulgana,,Үнэ тохирно,MNT,,"УБ — Сүхбаатар, Сүхбаатар, Хороо 1",Сүхбаатар,Өчигдөр,2026-03-03T04:18:56+00:00,plumbing,,https://www.unegui.mn/adv/4853357_bann-suulgana/,no,88480601
5856477,Haluun uuraar huldsun shugam hooloi gesgeene,1,1₮,MNT,,"УБ — Сүхбаатар, 100 айл",Сүхбаатар,Өчигдөр,2026-03-03T04:18:56+00:00,plumbing,,https://www.unegui.mn/adv/5856477_haluun-uuraar-huldsun-shugam-hooloi-gesgeene/,no,95101617
8739005,Бохирын бөглөө гаргана,,Үнэ тохирно,MNT,,"УБ — Сүхбаатар, 100 айл",Сүхбаатар,Өчигдөр,2026-03-03T04:18:56+00:00,plumbing,,https://www.unegui.mn/adv/8739005_bokhiryn-bogloo-gargana/,no,99769889
8829517,Bohirin bugluu gargana,,Үнэ тохирно,MNT,,"УБ — Сүхбаатар, 100 айл",Сүхбаатар,Өчигдөр,2026-03-03T04:18:56+00:00,plumbing,,https://www.unegui.mn/adv/8829517_bohirin-bugluu-gargana/,no,99769889
9491489,Угаалтуурын бөглөөс гаргана,,Үнэ тохирно,MNT,,"УБ — Сүхбаатар, 100 айл",Сүхбаатар,Өчигдөр,2026-03-03T04:18:56+00:00,plumbing,,https://www.unegui.mn/adv/9491489_ugaaltuuryn-bogloos-gargana/,no,99769889
6994847,Бүх төрлийн сантехникын шугамны хөлдөөс гэсгээнэ,,Үнэ тохирно,MNT,,"УБ — Сүхбаатар, Сүхбаатар, Хороо 1",Сүхбаатар,Өчигдөр,2026-03-03T04:18:56+00:00,plumbing,,https://www.unegui.mn/adv/6994847_santekhnik/,no,96361656
5582484,Цэвэр бохирын хөлдүүс гаргана,,Үнэ тохирно,MNT,,"УБ — Сүхбаатар, Сүхбаатар, Хороо 16",Сүхбаатар,1 өдрийн өмнө,2026-03-03T04:18:56+00:00,plumbing,,https://www.unegui.mn/adv/5582484_tsever-bokhiryn-kholduus-gargana/,no,89922188
9413704,Сангийн ажил хийнэ,,Үнэ тохирно,MNT,,"УБ — Сүхбаатар, 100 айл",Сүхбаатар,2 өдрийн өмнө,2026-03-03T04:18:56+00:00,plumbing,,https://www.unegui.mn/adv/9413704_sangiin-azhil-khiine/,no,99769889
8807763,00н бөглөө гаргана,150000,"150,000₮",MNT,,"УБ — Сүхбаатар, 100 айл",Сүхбаатар,2 өдрийн өмнө,2026-03-03T04:18:56+00:00,plumbing,,https://www.unegui.mn/adv/8807763_00n-bogloo-gargana/,no,99769889
8781039,Bohirin toson bugluu gargana,,Үнэ тохирно,MNT,,"УБ — Сүхбаатар, 100 айл",Сүхбаатар,2 өдрийн өмнө,2026-03-03T04:18:56+00:00,plumbing,,https://www.unegui.mn/adv/8781039_bohirin-toson-bugluu-gargana/,no,99769889
8990353,Бохирын хөлдүү гаргана,,Үнэ тохирно,MNT,,"УБ — Сүхбаатар, 100 айл",Сүхбаатар,3 өдрийн өмнө,2026-03-03T04:18:56+00:00,plumbing,,https://www.unegui.mn/adv/8990353_bokhiryn-kholduu-gargana/,no,99769889
4988525,Бохирын сeвтик хийнэ,,Үнэ тохирно,MNT,,"УБ — Сүхбаатар, Сүхбаатар, Хороо 1",Сүхбаатар,4 өдрийн өмнө,2026-03-03T04:18:56+00:00,plumbing,,https://www.unegui.mn/adv/4988525_bokhiryn-sevtik-khiine/,no,99843444
323494,Сантeхник,40000,"40,000₮",MNT,,"УБ — Сүхбаатар, Сүхбаатар, Хороо 1",Сүхбаатар,4 өдрийн өмнө,2026-03-03T04:18:56+00:00,plumbing,,https://www.unegui.mn/adv/323494_slesr-santehnik-99843444/,no,99843444
2404277,Bugluus gargana,,Үнэ тохирно,MNT,,"УБ — Сүхбаатар, Сүхбаатар, Хороо 1",Сүхбаатар,4 өдрийн өмнө,2026-03-03T04:18:56+00:00,plumbing,,https://www.unegui.mn/adv/2404277_bugluus-gargan/,no,99843444
9942334,Цэвэр бохирын хөлдүү гаргана,800000,"800,000₮",MNT,,"УБ — Сүхбаатар, 100 айл",Сүхбаатар,4 өдрийн өмнө,2026-03-03T04:18:56+00:00,plumbing,,https://www.unegui.mn/adv/9942334_tsever-bokhiryn-kholduu-gargana/,no,99769889
9942438,Угаалгын машин холбоно,1,1₮,MNT,,"УБ — Сүхбаатар, 100 айл",Сүхбаатар,4 өдрийн өмнө,2026-03-03T04:18:56+00:00,plumbing,,https://www.unegui.mn/adv/9942438_ugaalgyn-mashin-kholbono/,no,99769889
4665615,Бохирын бөглөрсөн асуудал шийднэ,,Үнэ тохирно,MNT,,"УБ — Сүхбаатар, Сүхбаатар, Хороо 1",Сүхбаатар,4 өдрийн өмнө,2026-03-03T04:18:56+00:00,plumbing,,https://www.unegui.mn/adv/4665615_bokhiryn-boglorson-asuudal-shiidne/,no,95101617
10086859,Bohirin bugluu gargana,,Үнэ тохирно,MNT,,"УБ — Сүхбаатар, 100 айл",Сүхбаатар,4 өдрийн өмнө,2026-03-03T04:18:56+00:00,plumbing,,https://www.unegui.mn/adv/10086859_bohirin-bugluu-gargana/,no,80336918
5866849,Bohirin bugluus gargana huldsun shugam hooloi gesgeene bohir sorno,1,1₮,MNT,,"УБ — Сүхбаатар, Сүхбаатар, Хороо 1",Сүхбаатар,4 өдрийн өмнө,2026-03-03T04:18:56+00:00,plumbing,,https://www.unegui.mn/adv/5866849_bohirin-bugluus-gargana/,no,95101617
5532443,Хөлдсөн шугам хоолой халуун уураар гаргана,,Үнэ тохирно,MNT,,"УБ — Сүхбаатар, 100 айл",Сүхбаатар,4 өдрийн өмнө,2026-03-03T04:18:56+00:00,plumbing,,https://www.unegui.mn/adv/5532443_kholdson-shugam-khooloi-khaluun-uuraar-gargana/,no,95101617
7872239,Бохирын бөглөөс гаргана,,Үнэ тохирно,MNT,,"УБ — Сүхбаатар, 100 айл",Сүхбаатар,4 өдрийн өмнө,2026-03-03T04:18:56+00:00,plumbing,,https://www.unegui.mn/adv/7872239_bokhiryn-bogloos-gargana/,no,95101617
10009977,00-ын бөглөөс гаргана,,Үнэ тохирно,MNT,,"УБ — Сүхбаатар, 100 айл",Сүхбаатар,4 өдрийн өмнө,2026-03-03T04:18:56+00:00,plumbing,,https://www.unegui.mn/adv/10009977_00-n-bogloos-gargana/,no,99821519
9936989,Бохирын бөглөөс хөлдүү гаргана,,Үнэ тохирно,MNT,,"УБ — Сүхбаатар, 100 айл",Сүхбаатар,5 өдрийн өмнө,2026-03-03T04:18:56+00:00,plumbing,,https://www.unegui.mn/adv/9936989_bokhiryn-bogloos-kholduu-gargana/,no,99769889
4876850,Бохирын бөглөө гаргана бохир сорно хөлдсөн шугам хоолой гэсгээнэ,,Үнэ тохирно,MNT,,"УБ — Сүхбаатар, Сүхбаатар, Хороо 1",Сүхбаатар,5 өдрийн өмнө,2026-03-03T04:18:56+00:00,plumbing,,https://www.unegui.mn/adv/4876850_bokhiryn-bogloo-gargana-bokhir-sorno-kholdson-shugam-khooloi-gesgeene/,no,99821519
9874406,Bann paalandana,,Үнэ тохирно,MNT,,"УБ — Сүхбаатар, 100 айл",Сүхбаатар,5 өдрийн өмнө,2026-03-03T04:18:56+00:00,plumbing,,https://www.unegui.mn/adv/9874406_bsnn-paalandana/,no,99821519
4885990,Хөлдсөн шугам хоолой гэсгээнэ,1,1₮,MNT,,"УБ — Сүхбаатар, 5-р хороолол",Сүхбаатар,5 өдрийн өмнө,2026-03-03T04:18:56+00:00,plumbing,,https://www.unegui.mn/adv/4885990_kholdson-shugam-khooloi-gesgeene/,no,99821519
5606523,00n bugluus gargana,150000,"150,000₮",MNT,,"УБ — Сүхбаатар, Сүхбаатар, Хороо 1",Сүхбаатар,5 өдрийн өмнө,2026-03-03T04:18:56+00:00,plumbing,,https://www.unegui.mn/adv/5606523_00n-bugluus-gargana/,no,99821519
4659342,Банн пааландана,,Үнэ тохирно,MNT,,"УБ — Сүхбаатар, Сүхбаатар, Хороо 1",Сүхбаатар,5 өдрийн өмнө,2026-03-03T04:18:56+00:00,plumbing,,https://www.unegui.mn/adv/4659342_bann-paalandana/,no,95101617
5856495,Ugaaltuur suulgana,1,1₮,MNT,,"УБ — Сүхбаатар, Сүхбаатар, Хороо 1",Сүхбаатар,5 өдрийн өмнө,2026-03-03T04:18:56+00:00,plumbing,,https://www.unegui.mn/adv/5856495_ugaaltuur-suulgana/,no,95101617
5856496,Holigch solino,1,1₮,MNT,,"УБ — Сүхбаатар, Сүхбаатар, Хороо 1",Сүхбаатар,5 өдрийн өмнө,2026-03-03T04:18:56+00:00,plumbing,,https://www.unegui.mn/adv/5856496_holigch-solino/,no,95101617
6872250,Sangiin ajil hiine,,Үнэ тохирно,MNT,,"УБ — Сүхбаатар, Сүхбаатар, Хороо 1",Сүхбаатар,5 өдрийн өмнө,2026-03-03T04:18:56+00:00,plumbing,,https://www.unegui.mn/adv/6872250_sangiin-ajil-hiine/,no,95101617
5794240,Holigch solino,,Үнэ тохирно,MNT,,"УБ — Сүхбаатар, Сүхбаатар, Хороо 1",Сүхбаатар,5 өдрийн өмнө,2026-03-03T04:18:56+00:00,plumbing,,https://www.unegui.mn/adv/5794240_holigsh-solino/,no,95101617
4672852,Банн угаалтуур суулгана,1,1₮,MNT,,"УБ — Сүхбаатар, Сүхбаатар, Хороо 1",Сүхбаатар,5 өдрийн өмнө,2026-03-03T04:18:56+00:00,plumbing,,https://www.unegui.mn/adv/4672852_bann-ugaaltuur-suulgana/,no,95101617
4670053,Угаалтуурын бөглөө гаргана,,Үнэ тохирно,MNT,,"УБ — Сүхбаатар, Сүхбаатар, Хороо 1",Сүхбаатар,5 өдрийн өмнө,2026-03-03T04:18:56+00:00,plumbing,,https://www.unegui.mn/adv/4670053_ugaaltuuryn-bogloo-gargana/,no,95101617
4667817,Jorlon bann suulgana,,Үнэ тохирно,MNT,,"УБ — Сүхбаатар, Сүхбаатар, Хороо 1",Сүхбаатар,5 өдрийн өмнө,2026-03-03T04:18:56+00:00,plumbing,,https://www.unegui.mn/adv/4667817_jorlon-bann-suulgana/,no,95101617
6822551,Ugaalgiin mashin holbono,80000,"80,000₮",MNT,,"УБ — Сүхбаатар, Сүхбаатар, Хороо 1",Сүхбаатар,5 өдрийн өмнө,2026-03-03T04:18:56+00:00,plumbing,,https://www.unegui.mn/adv/6822551_ugaalgiin-mashin-holbono/,no,95101617
5793875,Хөлдсөн шугам хоолой халуун уураар гэсгээнэ,,Үнэ тохирно,MNT,,"УБ — Сүхбаатар, Сүхбаатар, Хороо 1",Сүхбаатар,5 өдрийн өмнө,2026-03-03T04:18:56+00:00,plumbing,,https://www.unegui.mn/adv/5793875_kholdson-shugam-khooloi-khaluun-uuraar-gesgeene/,no,95101617
6872260,00n bugluu gargana,1,1₮,MNT,,"УБ — Сүхбаатар, Сүхбаатар, Хороо 1",Сүхбаатар,5 өдрийн өмнө,2026-03-03T04:18:56+00:00,plumbing,,https://www.unegui.mn/adv/6872260_00n-bugluu-gargana/,no,95101617
5830990,Бохирын бөглөө гаргана,250000,"250,000₮",MNT,,"УБ — Сүхбаатар, Сүхбаатар, Хороо 1",Сүхбаатар,5 өдрийн өмнө,2026-03-03T04:18:56+00:00,plumbing,,https://www.unegui.mn/adv/5830990_bokhiryn-bogloo-gargana/,no,95101617
4828017,Бохирын бөглөө гаргана,15000,"15,000₮",MNT,,"УБ — Сүхбаатар, Сүхбаатар, Хороо 1",Сүхбаатар,5 өдрийн өмнө,2026-03-03T04:18:56+00:00,plumbing,,https://www.unegui.mn/adv/4828017_bokhiryn-bogloo-gargana/,no,95101617
4693727,Bann paalandana,,Үнэ тохирно,MNT,,"УБ — Сүхбаатар, Сүхбаатар, Хороо 1",Сүхбаатар,5 өдрийн өмнө,2026-03-03T04:18:56+00:00,plumbing,,https://www.unegui.mn/adv/4693727_bann-paalandana/,no,95101617
4561595,Халдаг утас сүвлнэ,,Үнэ тохирно,MNT,,"УБ — Сүхбаатар, Сүхбаатар, Хороо 1",Сүхбаатар,5 өдрийн өмнө,2026-03-03T04:18:56+00:00,plumbing,,https://www.unegui.mn/adv/4561595_hulduu-gargana/,no,95101617
10079740,Tsever bohiriin huldvv bugluu gargana,,Үнэ тохирно,MNT,,"УБ — Сүхбаатар, Сүхбаатар, Хороо 17",Сүхбаатар,5 өдрийн өмнө,2026-03-03T04:18:56+00:00,plumbing,,https://www.unegui.mn/adv/10079740_tsever-bohiriin-huldvv-bugluu-gargana/,no,89115163
4762642,Бохирын цэвэрлэх байгууламж сэптик,,Үнэ тохирно,MNT,,"УБ — Сүхбаатар, Сүхбаатар, Хороо 1",Сүхбаатар,6 өдрийн өмнө,2026-03-03T04:18:56+00:00,plumbing,,https://www.unegui.mn/adv/4762642_bokhiryn-tseverlekh-baiguulamzh/,no,99140463
4570505,Хөлдсөн бөглөрсөн хоолойн бохирын шугамын бөглөө гаргана,,Үнэ тохирно,MNT,,"УБ — Сүхбаатар, Сүхбаатар, Хороо 1",Сүхбаатар,6 өдрийн өмнө,2026-03-03T04:18:56+00:00,plumbing,,https://www.unegui.mn/adv/4570505_kholduus-gargana/,no,99140463
3770817,Haldag kabeli suvlene,,Үнэ тохирно,MNT,,"УБ — Сүхбаатар, Сүхбаатар, Хороо 1",Сүхбаатар,6 өдрийн өмнө,2026-03-03T04:18:56+00:00,plumbing,,https://www.unegui.mn/adv/3770817_haldag-kabeli-suvlene/,no,88127099
3611426,Угаалгын машин холбоно,,Үнэ тохирно,MNT,,"УБ — Сүхбаатар, Сүхбаатар, Хороо 1",Сүхбаатар,6 өдрийн өмнө,2026-03-03T04:18:56+00:00,plumbing,,https://www.unegui.mn/adv/3611426_ugaalgyn-mashin-kholbon/,no,88127099
1461308,Ugaalgiin mashin holbono,,Үнэ тохирно,MNT,,"УБ — Сүхбаатар, Сүхбаатар, Хороо 1",Сүхбаатар,6 өдрийн өмнө,2026-03-03T04:18:56+00:00,plumbing,,https://www.unegui.mn/adv/1461308_ugaalagiin-mashin-holbon/,no,95745061
4309584,Hudag hooloin bugluus gargana,,Үнэ тохирно,MNT,,"УБ — Сүхбаатар, Сүхбаатар, Хороо 1",Сүхбаатар,6 өдрийн өмнө,2026-03-03T04:18:56+00:00,plumbing,,https://www.unegui.mn/adv/4309584_hudag-hooloin-bugluus-gargan/,no,95745061
4588832,Хөлдүүс гаргана,,Үнэ тохирно,MNT,,"УБ — Сүхбаатар, Сүхбаатар, Хороо 1",Сүхбаатар,6 өдрийн өмнө,2026-03-03T04:18:56+00:00,plumbing,,https://www.unegui.mn/adv/4588832_kholduus-gargan/,no,88127099
4576803,Хөлдсөн шугам хоолойг халуун уураар гэсгээнэ,,Үнэ тохирно,MNT,,"УБ — Сүхбаатар, Сүхбаатар, Хороо 1",Сүхбаатар,6 өдрийн өмнө,2026-03-03T04:19:01+00:00,plumbing,,https://www.unegui.mn/adv/4576803_kholdson-shugam-khooloig-khaluun-uuraar-gesgeene/,no,95845061
5323947,Ванна пааландана,,Үнэ тохирно,MNT,,"УБ — Сүхбаатар, Сүхбаатар, Хороо 1",Сүхбаатар,6 өдрийн өмнө,2026-03-03T04:19:01+00:00,plumbing,,https://www.unegui.mn/adv/5323947_vanna-paalandan/,no,88127099
5212465,Тосон бөглөөс гаргана,,Үнэ тохирно,MNT,,"УБ — Сүхбаатар, Сүхбаатар, Хороо 1",Сүхбаатар,6 өдрийн өмнө,2026-03-03T04:19:01+00:00,plumbing,,https://www.unegui.mn/adv/5212465_toson-bogloos-gargan/,no,95745061
5175143,Тосон бөглөө гаргана,,Үнэ тохирно,MNT,,"УБ — Сүхбаатар, Сүхбаатар, Хороо 1",Сүхбаатар,6 өдрийн өмнө,2026-03-03T04:19:01+00:00,plumbing,,https://www.unegui.mn/adv/5175143_toson-bogloo-gargan/,no,99843444
4836701,00-ын бөглөө гаргана,,Үнэ тохирно,MNT,,"УБ — Сүхбаатар, Сүхбаатар, Хороо 1",Сүхбаатар,6 өдрийн өмнө,2026-03-03T04:19:01+00:00,plumbing,,https://www.unegui.mn/adv/4836701_00-yn-bogloo-gargan/,no,95745061
4582509,Хөлдсөн шугам хоолой гэсгээнэ,,Үнэ тохирно,MNT,,"УБ — Сүхбаатар, Сүхбаатар, Хороо 1",Сүхбаатар,6 өдрийн өмнө,2026-03-03T04:19:01+00:00,plumbing,,https://www.unegui.mn/adv/4582509_kholdson-shugam-khooloi-gesgeene/,no,95745061
2400462,Сантехникийн засвар үйлчилгээ хийнэ,40000,"40,000₮",MNT,,"УБ — Сүхбаатар, 5-р хороолол",Сүхбаатар,6 өдрийн өмнө,2026-03-03T04:19:01+00:00,plumbing,,https://www.unegui.mn/adv/2400462_tsakhilgaan-santekhnik-tavilgyn-zasvar-uilchilgee-khiikh/,no,94942800
2480455,"Цтп, узель, автоматжуулалтын ажил хийнэ, зөвлөгөө өгн.",1,1₮,MNT,,"УБ — Сүхбаатар, Сүхбаатар, Хороо 1",Сүхбаатар,6 өдрийн өмнө,2026-03-03T04:19:01+00:00,plumbing,,https://www.unegui.mn/adv/2480455_tstp-uzel-avtomatzhuulaltyn-azhil-khiine-zovlogoo-ogno/,no,95568601
5425184,Сангийн бүх ажил гагнуур хийнэ,,Үнэ тохирно,MNT,,"УБ — Сүхбаатар, Сүхбаатар, Хороо 1",Сүхбаатар,6 өдрийн өмнө,2026-03-03T04:19:01+00:00,plumbing,,https://www.unegui.mn/adv/5425184_sangiin-azhil-khiine-88083193/,no,88083193
6167874,Яндан өрмөөр сан агааржуулалтын нүх гаргана,,Үнэ тохирно,MNT,,"УБ — Сүхбаатар, Сүхбаатар, Хороо 1",Сүхбаатар,6 өдрийн өмнө,2026-03-03T04:19:01+00:00,plumbing,,https://www.unegui.mn/adv/6167874_iandan-oromoor-san-agaarzhuulaltiin-nukh-gargana/,no,99824082
9992639,Hulduu gargana,,Үнэ тохирно,MNT,,"УБ — Сүхбаатар, 100 айл",Сүхбаатар,6 өдрийн өмнө,2026-03-03T04:19:01+00:00,plumbing,,https://www.unegui.mn/adv/9992639_hulduu-gargana/,no,99210956
5916654,Huldsun shugam hooloi gesgeene,1,1₮,MNT,,"УБ — Сүхбаатар, Сүхбаатар, Хороо 1",Сүхбаатар,6 өдрийн өмнө,2026-03-03T04:19:01+00:00,plumbing,,https://www.unegui.mn/adv/5916654_huldsun-shugam-hooloi-gesgeene/,no,95101617
7967885,00-n bugluu gargana,,Үнэ тохирно,MNT,,"УБ — Сүхбаатар, 100 айл",Сүхбаатар,6 өдрийн өмнө,2026-03-03T04:19:01+00:00,plumbing,,https://www.unegui.mn/adv/7967885_00-n-bugluu-gargana/,no,95101617
5606807,Bohirin bugluus gargana,250000,"250,000₮",MNT,,"УБ — Сүхбаатар, Сүхбаатар, Хороо 1",Сүхбаатар,6 өдрийн өмнө,2026-03-03T04:19:01+00:00,plumbing,,https://www.unegui.mn/adv/5606807_bohirin-bugluus-gargana/,no,95101617
5780258,Bannii nvvrnii xaalt xiij gvitsetgene,60000,"60,000₮",MNT,,"УБ — Сүхбаатар, Сүхбаатар, Хороо 1",Сүхбаатар,1 долоо хоногийн өмнө,2026-03-03T04:19:01+00:00,plumbing,,https://www.unegui.mn/adv/5780258_xewtee-bannand-urduur-ni-xaalt-xiij-gvitsetgene/,no,88481196
5275268,"Bannii dood, xajuugiin zai zawsriig xaalt xiij bitvvlj ugnu",,Үнэ тохирно,MNT,,"УБ — Сүхбаатар, Сүхбаатар, Хороо 1",Сүхбаатар,1 долоо хоногийн өмнө,2026-03-03T04:19:01+00:00,plumbing,,https://www.unegui.mn/adv/5275268_bannii-dood-zai-zawsriig-xaalt-xiij-bitvvlj-ugnu/,no,88481196
5243898,Bann suulgana bannii nvvrnii xaalt xiine,1,1₮,MNT,,"УБ — Сүхбаатар, Сүхбаатар, Хороо 1",Сүхбаатар,1 долоо хоногийн өмнө,2026-03-03T04:19:01+00:00,plumbing,,https://www.unegui.mn/adv/5243898_bann-suulgana-bannii-nvvrnii-xaalt-xiine/,no,88481196
5780247,Ugaalgiin mashind gaduur ni chuluugaar xiine,,Үнэ тохирно,MNT,,"УБ — Сүхбаатар, Сүхбаатар, Хороо 1",Сүхбаатар,1 долоо хоногийн өмнө,2026-03-03T04:19:01+00:00,plumbing,,https://www.unegui.mn/adv/5780247_ugaalgiin-mashind-gaduur-ni-xiinee/,no,88481196
9868793,Банн пааландана,,Үнэ тохирно,MNT,,"УБ — Сүхбаатар, 100 айл",Сүхбаатар,1 долоо хоногийн өмнө,2026-03-03T04:19:01+00:00,plumbing,,https://www.unegui.mn/adv/9868793_bann-paalandana/,no,99769889
10075380,Hulduu gargana,,Үнэ тохирно,MNT,,"УБ — Сүхбаатар, 100 айл",Сүхбаатар,1 долоо хоногийн өмнө,2026-03-03T04:19:01+00:00,plumbing,,https://www.unegui.mn/adv/10075380_hulduu-gargana/,no,96111617
9946834,Ванн пааландана,250000,"250,000₮",MNT,,"УБ — Сүхбаатар, 100 айл",Сүхбаатар,1 долоо хоногийн өмнө,2026-03-03T04:19:01+00:00,plumbing,,https://www.unegui.mn/adv/9946834_bann-paalandana/,no,96111617
7138488,Бохирын бөглөөс гаргана,2,2₮,MNT,,"УБ — Сүхбаатар, Дамбадаржаа",Сүхбаатар,1 долоо хоногийн өмнө,2026-03-03T04:19:01+00:00,plumbing,,https://www.unegui.mn/adv/7138488_bohirin-huldsun-bugluus-gargana/,no,95101617
7805381,Утаа хаядаг ханан пийшин засна,,Үнэ тохирно,MNT,,"УБ — Сүхбаатар, 100 айл",Сүхбаатар,1 долоо хоногийн өмнө,2026-03-03T04:19:01+00:00,plumbing,,https://www.unegui.mn/adv/7805381_utaa-khaiadag-khanan-piishin-zasna/,no,95101617
4840789,00н бөглөө гаргана,60000,"60,000₮",MNT,,"УБ — Сүхбаатар, Сүхбаатар, Хороо 1",Сүхбаатар,1 долоо хоногийн өмнө,2026-03-03T04:19:01+00:00,plumbing,,https://www.unegui.mn/adv/4840789_00n-bogloo-gargana/,no,95101617
10146389,Цэвэр бохир шугамын хөлдүүс гаргана,,Үнэ тохирно,MNT,,"УБ — Сүхбаатар, Дамбадаржаа",Сүхбаатар,1 долоо хоногийн өмнө,2026-03-03T04:19:01+00:00,plumbing,,https://www.unegui.mn/adv/10146389_tsever-bokhir-shugamyn-kholduus-gargana/,no,99932198
10146378,Сантеникийн ажил хийнэ,,Үнэ тохирно,MNT,,"УБ — Сүхбаатар, 100 айл",Сүхбаатар,1 долоо хоногийн өмнө,2026-03-03T04:19:01+00:00,plumbing,,https://www.unegui.mn/adv/10146378_santenikiin-azhil-khiine/,no,99932198
5995115,Гадна бохирын септик систем шугам угсралт,1,1 сая₮,MNT,,"УБ — Сүхбаатар, Сүхбаатар, Хороо 1",Сүхбаатар,1 долоо хоногийн өмнө,2026-03-03T04:19:01+00:00,plumbing,,https://www.unegui.mn/adv/5995115_gadna-bokhiryn-septik-sistem-shugam-ugsralt/,no,89922188
5599975,Huldsun shugam hooloi gesgeene,,Үнэ тохирно,MNT,,"УБ — Сүхбаатар, Дамбадаржаа",Сүхбаатар,1 долоо хоногийн өмнө,2026-03-03T04:19:01+00:00,plumbing,,https://www.unegui.mn/adv/5599975_huldsun-shugam-hooloi-gesgeene/,no,99821519
4568945,Хөлдсөн шугам хоолой халуун уураар гэсгээнэ,,Үнэ тохирно,MNT,,"УБ — Сүхбаатар, Сүхбаатар, Хороо 1",Сүхбаатар,1 долоо хоногийн өмнө,2026-03-03T04:19:01+00:00,plumbing,,https://www.unegui.mn/adv/4568945_kholdoson-shugam-khooloi-khaluun-uuraar-gesgeene/,no,88127099
4333775,Ванна пааландана,,Үнэ тохирно,MNT,,"УБ — Сүхбаатар, Сүхбаатар, Хороо 1",Сүхбаатар,1 долоо хоногийн өмнө,2026-03-03T04:19:01+00:00,plumbing,,https://www.unegui.mn/adv/4333775_vanna-paalandana/,no,95845061
5286123,Тосон бөглөө гаргана,,Үнэ тохирно,MNT,,"УБ — Сүхбаатар, Сүхбаатар, Хороо 1",Сүхбаатар,1 долоо хоногийн өмнө,2026-03-03T04:19:01+00:00,plumbing,,https://www.unegui.mn/adv/5286123_toson-bogloo-gargan/,no,95845061
4333760,Бохирын бөглөөс гаргана,,Үнэ тохирно,MNT,,"УБ — Сүхбаатар, Сүхбаатар, Хороо 1",Сүхбаатар,1 долоо хоногийн өмнө,2026-03-03T04:19:01+00:00,plumbing,,https://www.unegui.mn/adv/4333760_bokhiryn-bogloos-gargan/,no,95845061
1435622,Santehnik ugsraltiin ajil hiine,,Үнэ тохирно,MNT,,"УБ — Сүхбаатар, Сүхбаатар, Хороо 1",Сүхбаатар,1 долоо хоногийн өмнө,2026-03-03T04:19:01+00:00,plumbing,,https://www.unegui.mn/adv/1435622_santehnik-ugsaraltiin-ajil-hiine/,no,95745061
5700866,Хөлдүү гаргана,,Үнэ тохирно,MNT,,"УБ — Сүхбаатар, Сүхбаатар, Хороо 1",Сүхбаатар,1 долоо хоногийн өмнө,2026-03-03T04:19:01+00:00,plumbing,,https://www.unegui.mn/adv/5700866_kholduu-gargana/,no,98162988
5361594,Бохирын бөглөөс гаргана,,Үнэ тохирно,MNT,,"УБ — Сүхбаатар, Сүхбаатар, Хороо 1",Сүхбаатар,1 долоо хоногийн өмнө,2026-03-03T04:19:01+00:00,plumbing,,https://www.unegui.mn/adv/5361594_bokhiryn-bogloos-gargan/,no,98162988
5350871,Ванна пааландана,,Үнэ тохирно,MNT,,"УБ — Сүхбаатар, Сүхбаатар, Хороо 1",Сүхбаатар,1 долоо хоногийн өмнө,2026-03-03T04:19:01+00:00,plumbing,,https://www.unegui.mn/adv/5350871_vanna-paalandana/,no,98162988
3611409,Бохирын бөглөөс гаргана,,Үнэ тохирно,MNT,,"УБ — Сүхбаатар, Сүхбаатар, Хороо 1",Сүхбаатар,1 долоо хоногийн өмнө,2026-03-03T04:19:01+00:00,plumbing,,https://www.unegui.mn/adv/3611409_bokhiryn-bugluus-gargan/,no,88127099
3611420,Сантехникийн ажил хийнэ,,Үнэ тохирно,MNT,,"УБ — Сүхбаатар, Сүхбаатар, Хороо 1",Сүхбаатар,1 долоо хоногийн өмнө,2026-03-03T04:19:01+00:00,plumbing,,https://www.unegui.mn/adv/3611420_santekhnikiin-azhil-khiine/,no,88127099
4609970,Хөлдүүс гаргана,,Үнэ тохирно,MNT,,"УБ — Сүхбаатар, Сүхбаатар, Хороо 1",Сүхбаатар,1 долоо хоногийн өмнө,2026-03-03T04:19:01+00:00,plumbing,,https://www.unegui.mn/adv/4609970_kholduus-gargan/,no,95845061
1471411,Tsever bohiriin hulduus uuraar gargana,,Үнэ тохирно,MNT,,"УБ — Сүхбаатар, Сүхбаатар, Хороо 1",Сүхбаатар,1 долоо хоногийн өмнө,2026-03-03T04:19:01+00:00,plumbing,,https://www.unegui.mn/adv/1471411_tsever-bohiriin-hulduus-uuraar-gargan/,no,95745061
3611387,Халдаг кабел сүвлэнэ,,Үнэ тохирно,MNT,,"УБ — Сүхбаатар, Сүхбаатар, Хороо 1",Сүхбаатар,1 долоо хоногийн өмнө,2026-03-03T04:19:01+00:00,plumbing,,https://www.unegui.mn/adv/3611387_khaldag-kabel-suvlen/,no,95745061
1461327,Bann paalandan,,Үнэ тохирно,MNT,,"УБ — Сүхбаатар, Сүхбаатар, Хороо 1",Сүхбаатар,1 долоо хоногийн өмнө,2026-03-03T04:19:01+00:00,plumbing,,https://www.unegui.mn/adv/1461327_bann-paalandan/,no,95745061
4577002,Шугам хоолойн хөлдүүс гаргана,,Үнэ тохирно,MNT,,"УБ — Сүхбаатар, Сүхбаатар, Хороо 1",Сүхбаатар,1 долоо хоногийн өмнө,2026-03-03T04:19:01+00:00,plumbing,,https://www.unegui.mn/adv/4577002_shugam-khooloin-kholduus-gargan/,no,99843444
5612165,Hulduus gargana,,Үнэ тохирно,MNT,,"УБ — Сүхбаатар, Сүхбаатар, Хороо 1",Сүхбаатар,1 долоо хоногийн өмнө,2026-03-03T04:19:01+00:00,plumbing,,https://www.unegui.mn/adv/5612165_hulduus-gargana/,no,99821519
7863640,Хөлдүүс гаргана,,Үнэ тохирно,MNT,,"УБ — Сүхбаатар, 100 айл",Сүхбаатар,1 долоо хоногийн өмнө,2026-03-03T04:19:01+00:00,plumbing,,https://www.unegui.mn/adv/7863640_kholduus-gargana/,no,99821519
4768740,Ugaaltuur suulgana,40000,"40,000₮",MNT,,"УБ — Сүхбаатар, Сүхбаатар, Хороо 1",Сүхбаатар,1 долоо хоногийн өмнө,2026-03-03T04:19:01+00:00,plumbing,,https://www.unegui.mn/adv/4768740_ugaaltuur-suulgana/,no,99821519
5606719,Jorlon bann suulgana,25000,"25,000₮",MNT,,"УБ — Сүхбаатар, Сүхбаатар, Хороо 1",Сүхбаатар,1 долоо хоногийн өмнө,2026-03-03T04:19:01+00:00,plumbing,,https://www.unegui.mn/adv/5606719_jorlon-bann-suulgana/,no,99821519
7104724,Бохирын бөглөөс гаргана bohir sorno,,Үнэ тохирно,MNT,,"УБ — Сүхбаатар, Сүхбаатар, Хороо 1",Сүхбаатар,1 долоо хоногийн өмнө,2026-03-03T04:19:01+00:00,plumbing,,https://www.unegui.mn/adv/7104724_bokhiryn-bogloos-gargana/,no,95101617
6604716,Bann paalandana,250000,"250,000₮",MNT,,"УБ — Сүхбаатар, Сүхбаатар, Хороо 1",Сүхбаатар,1 долоо хоногийн өмнө,2026-03-03T04:19:01+00:00,plumbing,,https://www.unegui.mn/adv/6604716_bann-paalandana/,no,95101617
4768656,Банн пааландана,250000,"250,000₮",MNT,,"УБ — Сүхбаатар, Сүхбаатар, Хороо 1",Сүхбаатар,1 долоо хоногийн өмнө,2026-03-03T04:19:01+00:00,plumbing,,https://www.unegui.mn/adv/4768656_bann-paalandana/,no,95101617
5806322,Хөлдүүс гаргана,1,1₮,MNT,,"УБ — Сүхбаатар, Сүхбаатар, Хороо 1",Сүхбаатар,1 долоо хоногийн өмнө,2026-03-03T04:19:01+00:00,plumbing,,https://www.unegui.mn/adv/5806322_kholduus-gargana/,no,95101617
4522600,00- н бөглөө гаргана,,Үнэ тохирно,MNT,,"УБ — Сүхбаатар, Сүхбаатар, Хороо 1",Сүхбаатар,1 долоо хоногийн өмнө,2026-03-03T04:19:01+00:00,plumbing,,https://www.unegui.mn/adv/4522600_00-n-bogloo-gargana/,no,95101617
7007537,Bohirin bugluu gargana,1,1₮,MNT,,"УБ — Сүхбаатар, Сүхбаатар, Хороо 1",Сүхбаатар,1 долоо хоногийн өмнө,2026-03-03T04:19:01+00:00,plumbing,,https://www.unegui.mn/adv/7007537_bohirin-bugluu-gargana/,no,95101617
6598512,Huldsun bohirin bugluus uuraar gargana,55000,"55,000₮",MNT,,"УБ — Сүхбаатар, Сүхбаатар, Хороо 1",Сүхбаатар,1 долоо хоногийн өмнө,2026-03-03T04:19:01+00:00,plumbing,,https://www.unegui.mn/adv/6598512_huldsun-bohirin-bugluus-uuraar-gargana/,no,95101617
4677985,Bohirin hulduu gargana,150000,"150,000₮",MNT,,"УБ — Сүхбаатар, Сүхбаатар, Хороо 1",Сүхбаатар,2 долоо хоногийн өмнө,2026-03-03T04:19:01+00:00,plumbing,,https://www.unegui.mn/adv/4677985_bohirin-hulduu-gargana/,no,95101617
7018566,Хөлдүүс гаргана,250000,"250,000₮",MNT,,"УБ — Сүхбаатар, Сүхбаатар, Хороо 1",Сүхбаатар,2 долоо хоногийн өмнө,2026-03-03T04:19:01+00:00,plumbing,,https://www.unegui.mn/adv/7018566_kholduus-gargana/,no,95101617
7743938,Bohiriin bugluus garna,1,1₮,MNT,,"УБ — Сүхбаатар, 11-р хороолол",Сүхбаатар,2 долоо хоногийн өмнө,2026-03-03T04:19:01+00:00,plumbing,,https://www.unegui.mn/adv/7743938_bohiriin-bugluus-garna/,no,95101617
9931276,Цэвэр бохирын хөлдүүс гаргана,10000,"10,000₮",MNT,,"УБ — Сүхбаатар, Сүхбаатар, Хороо 1",Сүхбаатар,2 долоо хоногийн өмнө,2026-03-03T04:19:01+00:00,plumbing,,https://www.unegui.mn/adv/9931276_tsever-bokhiryn-kholduus-gargana-aa/,no,80042607
4634564,Хөлдүү гаргана,,Үнэ тохирно,MNT,,"УБ — Сүхбаатар, Сүхбаатар, Хороо 1",Сүхбаатар,2 долоо хоногийн өмнө,2026-03-03T04:19:01+00:00,plumbing,,https://www.unegui.mn/adv/4634564_kholduu-gargana/,no,95101617
4534972,Бохирын бөглөө гаргана,,Үнэ тохирно,MNT,,"УБ — Сүхбаатар, Сүхбаатар, Хороо 1",Сүхбаатар,2 долоо хоногийн өмнө,2026-03-03T04:19:01+00:00,plumbing,,https://www.unegui.mn/adv/4534972_bokhiryn-bogloo-gargana/,no,95101617
10012107,Банн пааландана,,Үнэ тохирно,MNT,,"УБ — Сүхбаатар, 100 айл",Сүхбаатар,2 долоо хоногийн өмнө,2026-03-03T04:19:06+00:00,plumbing,,https://www.unegui.mn/adv/10012107_bann-paalandana/,no,99210956
399313,Бохир ус сорно,,Үнэ тохирно,MNT,,"УБ — Сүхбаатар, Сүхбаатар, Хороо 1",Сүхбаатар,2 долоо хоногийн өмнө,2026-03-03T04:19:06+00:00,plumbing,,https://www.unegui.mn/adv/399313_bohir-us-soruulah-jlchilgee/,no,90196855
10076992,Huldsun bugluus gargana,,Үнэ тохирно,MNT,,"УБ — Сүхбаатар, 100 айл",Сүхбаатар,2 долоо хоногийн өмнө,2026-03-03T04:19:06+00:00,plumbing,,https://www.unegui.mn/adv/10076992_huldsun-bugluus-gargana/,no,99210956
3562165,Бохир цэвэр усны хөлдүүс бөглөөс уураар утаж гаргана,20000,"20,000₮",MNT,,"УБ — Сүхбаатар, Сүхбаатар, Хороо 1",Сүхбаатар,2 долоо хоногийн өмнө,2026-03-03T04:19:06+00:00,plumbing,,https://www.unegui.mn/adv/3562165_bokhir-tsever-usny-kholduus-gargana/,no,90101215
6780704,Bohirin hulduus gargana,550000,"550,000₮",MNT,,"УБ — Сүхбаатар, Сүхбаатар, Хороо 1",Сүхбаатар,2 долоо хоногийн өмнө,2026-03-03T04:19:06+00:00,plumbing,,https://www.unegui.mn/adv/6780704_bohirin-hulduus-gargana/,no,95101617
4636960,Угаалгын машин холбоно,1,1₮,MNT,,"УБ — Сүхбаатар, Сүхбаатар, Хороо 1",Сүхбаатар,2 долоо хоногийн өмнө,2026-03-03T04:19:06+00:00,plumbing,,https://www.unegui.mn/adv/4636960_ugaalgyn-mashin-kholbono/,no,95101617
4779031,Jorlon bann suulgana,,Үнэ тохирно,MNT,,"УБ — Сүхбаатар, Сүхбаатар, Хороо 1",Сүхбаатар,2 долоо хоногийн өмнө,2026-03-03T04:19:06+00:00,plumbing,,https://www.unegui.mn/adv/4779031_jorlon-bann-suulgana/,no,95101617
4002893,Сантехникийн гадна дотор ажил хийнэ,,Үнэ тохирно,MNT,,"УБ — Сүхбаатар, Сүхбаатар, Хороо 1",Сүхбаатар,2 долоо хоногийн өмнө,2026-03-03T04:19:06+00:00,plumbing,,https://www.unegui.mn/adv/4002893_bokhiryn-sistem-shugamyn-azhil-khiine/,no,89922188
6892253,Бохирын бөглөөс гаргана,,Үнэ тохирно,MNT,,"УБ — Сүхбаатар, Сүхбаатар, Хороо 17",Сүхбаатар,2 долоо хоногийн өмнө,2026-03-03T04:19:06+00:00,plumbing,,https://www.unegui.mn/adv/6892253_bokhiryn-kholduus-gargana/,no,95101617
4667708,Bann paalandana,250000,"250,000₮",MNT,,"УБ — Сүхбаатар, Сүхбаатар, Хороо 1",Сүхбаатар,2 долоо хоногийн өмнө,2026-03-03T04:19:06+00:00,plumbing,,https://www.unegui.mn/adv/4667708_bann-paalandana/,no,95101617
10133986,Хөлдсөн шугам хоолой гэсгээнэ,,Үнэ тохирно,MNT,,"УБ — Сүхбаатар, Сүхбаатар, Хороо 15",Сүхбаатар,2 долоо хоногийн өмнө,2026-03-03T04:19:06+00:00,plumbing,,https://www.unegui.mn/adv/10133986_khodson-shugam-khooloi-gesgeene/,no,99214589
4553438,Haldag utas suwlne,,Үнэ тохирно,MNT,,"УБ — Сүхбаатар, Сүхбаатар, Хороо 1",Сүхбаатар,2 долоо хоногийн өмнө,2026-03-03T04:19:06+00:00,plumbing,,https://www.unegui.mn/adv/4553438_haldag-utas-suwlne/,no,95101617
4787701,Хөлдүү гаргана,,Үнэ тохирно,MNT,,"УБ — Сүхбаатар, Сүхбаатар, Хороо 1",Сүхбаатар,2 долоо хоногийн өмнө,2026-03-03T04:19:06+00:00,plumbing,,https://www.unegui.mn/adv/4787701_kholduu-gargana/,no,95101617
5793859,00н бөглөө гаргана,80000,"80,000₮",MNT,,"УБ — Сүхбаатар, Сүхбаатар, Хороо 1",Сүхбаатар,2 долоо хоногийн өмнө,2026-03-03T04:19:06+00:00,plumbing,,https://www.unegui.mn/adv/5793859_00n-bogloo-gargana/,no,95101617
4835184,"Бохир цэвэр усны шугамын шийдэл,засвар үйлчилгээ",10000,"10,000₮",MNT,,"УБ — Сүхбаатар, Сүхбаатар, Хороо 1",Сүхбаатар,2 долоо хоногийн өмнө,2026-03-03T04:19:06+00:00,plumbing,,https://www.unegui.mn/adv/4835184_bokhir-tsever-usny-shugamyn-shiidel-zasvar-uilchilgee/,no,90101215
4098397,Сантехникийн ажил хийнэ,10000,"10,000₮",MNT,,"УБ — Сүхбаатар, Сүхбаатар, Хороо 1",Сүхбаатар,2 долоо хоногийн өмнө,2026-03-03T04:19:06+00:00,plumbing,,https://www.unegui.mn/adv/4098397_santekhnikiin-bukh-torliin-azhil-khiine/,no,90101215
10058816,Гүний худагын хөлдүү гаргана,,Үнэ тохирно,MNT,,"УБ — Сүхбаатар, 100 айл",Сүхбаатар,2 долоо хоногийн өмнө,2026-03-03T04:19:06+00:00,plumbing,,https://www.unegui.mn/adv/10058816_gunii-khudagyn-kholduu-gargana/,no,96111617
4565203,Хөлдсөн шугам хоолой гэсгээнэ,,Үнэ тохирно,MNT,,"УБ — Сүхбаатар, 100 айл",Сүхбаатар,2 долоо хоногийн өмнө,2026-03-03T04:19:06+00:00,plumbing,,https://www.unegui.mn/adv/4565203_kholdson-shugam-khooloi-gesgeene/,no,95101617
8168820,Цэвэр бохирын хөлдүүс гаргана,20000,"20,000₮",MNT,,"УБ — Сүхбаатар, 11-р хороолол",Сүхбаатар,2 долоо хоногийн өмнө,2026-03-03T04:19:06+00:00,plumbing,,https://www.unegui.mn/adv/8168820_tsever-bokhiryn-kholduus-gargana/,no,95101617
3569871,Хөлдсөн цэвэр бохирын усны шугамын хоолой уураар утаж гаргана,20000,"20,000₮",MNT,,"УБ — Сүхбаатар, Сүхбаатар, Хороо 1",Сүхбаатар,3 долоо хоногийн өмнө,2026-03-03T04:19:06+00:00,plumbing,,https://www.unegui.mn/adv/3569871_kholdson-tsever-bokhiryn-usny-shugamyn-khooloi-uuraar-utazh-gargana/,no,99605235
10079148,Ванн пааландана банн өнгөлнө,,Үнэ тохирно,MNT,,"УБ — Сүхбаатар, 100 айл",Сүхбаатар,3 долоо хоногийн өмнө,2026-03-03T04:19:06+00:00,plumbing,,https://www.unegui.mn/adv/10079148_bann-paalandana-bann-ongolno/,no,96111617
4597351,Хөлдүү гаргана,,Үнэ тохирно,MNT,,"УБ — Сүхбаатар, Сүхбаатар, Хороо 1",Сүхбаатар,3 долоо хоногийн өмнө,2026-03-03T04:19:06+00:00,plumbing,,https://www.unegui.mn/adv/4597351_kholduu-gargana/,no,95101617
10123061,Хөлдсөн цэвэр бохирын шугам хоолой уураар гэсгээж гаргана,,Үнэ тохирно,MNT,,"УБ — Сүхбаатар, Сүхбаатар, Хороо 15",Сүхбаатар,3 долоо хоногийн өмнө,2026-03-03T04:19:06+00:00,plumbing,,https://www.unegui.mn/adv/10123061_kholdson-tsever-bokhiryn-shugam-khooloi-uuraar-gesgeezh-gargana-khaldag-kabel-suvlene/,no,88166415
5622740,Хөлдүү гаргана,,Үнэ тохирно,MNT,,"УБ — Сүхбаатар, Сүхбаатар, Хороо 1",Сүхбаатар,3 долоо хоногийн өмнө,2026-03-03T04:19:06+00:00,plumbing,,https://www.unegui.mn/adv/5622740_kholduu-garagna/,no,89896586
5622742,Ванна пааландана,,Үнэ тохирно,MNT,,"УБ — Сүхбаатар, Сүхбаатар, Хороо 1",Сүхбаатар,3 долоо хоногийн өмнө,2026-03-03T04:19:06+00:00,plumbing,,https://www.unegui.mn/adv/5622742_vanna-paalandan/,no,89896586
5622748,Бохирын бөглөөс гаргана,,Үнэ тохирно,MNT,,"УБ — Сүхбаатар, Сүхбаатар, Хороо 1",Сүхбаатар,3 долоо хоногийн өмнө,2026-03-03T04:19:06+00:00,plumbing,,https://www.unegui.mn/adv/5622748_bokhiryn-bogloos-gargan/,no,89896586
6507245,Бохирын севтик хийнэ,1,1₮,MNT,,"УБ — Сүхбаатар, Сүхбаатар, Хороо 1",Сүхбаатар,3 долоо хоногийн өмнө,2026-03-03T04:19:06+00:00,plumbing,,https://www.unegui.mn/adv/6507245_bokhiryn-sevtik-khiine/,no,89896586
6507295,Халдаг кабель сүвэлнэ,,Үнэ тохирно,MNT,,"УБ — Сүхбаатар, Сүхбаатар, Хороо 1",Сүхбаатар,3 долоо хоногийн өмнө,2026-03-03T04:19:06+00:00,plumbing,,https://www.unegui.mn/adv/6507295_khaldag-kabel-suvlezh-khiizh-ogno/,no,89896586
10122305,Худаг бохирын хөлдүүс гаргана,,Үнэ тохирно,MNT,,"УБ — Сүхбаатар, Цолмонгийн ам",Сүхбаатар,3 долоо хоногийн өмнө,2026-03-03T04:19:06+00:00,plumbing,,https://www.unegui.mn/adv/10122305_khudag-bokhiryn-kholduus-gargana/,no,88388333
5604219,Хөлдсөн шугам хоолой халуун уураар гэсгээнэ,,Үнэ тохирно,MNT,,"УБ — Сүхбаатар, Сүхбаатар, Хороо 1",Сүхбаатар,3 долоо хоногийн өмнө,2026-03-03T04:19:06+00:00,plumbing,,https://www.unegui.mn/adv/5604219_kholdson-shugam-khooloi-khaluun-uuraar-gesgeene/,no,95101617
4654172,Хөлдүү гаргана,250000,"250,000₮",MNT,,"УБ — Сүхбаатар, Сүхбаатар, Хороо 1",Сүхбаатар,3 долоо хоногийн өмнө,2026-03-03T04:19:06+00:00,plumbing,,https://www.unegui.mn/adv/4654172_kholduu-gargana/,no,95101617
5928607,Santehnikiin zasvar hiine,1,1₮,MNT,,"УБ — Сүхбаатар, Сүхбаатар, Хороо 1",Сүхбаатар,3 долоо хоногийн өмнө,2026-03-03T04:19:06+00:00,plumbing,,https://www.unegui.mn/adv/5928607_santehnikiin-zasvar-hiine/,no,95101617
6572602,00n bugluus gargana,80000,"80,000₮",MNT,,"УБ — Сүхбаатар, Сүхбаатар, Хороо 1",Сүхбаатар,3 долоо хоногийн өмнө,2026-03-03T04:19:06+00:00,plumbing,,https://www.unegui.mn/adv/6572602_00n-bugluus-gargana/,no,95101617
10057749,00н бөглөө гаргана,,Үнэ тохирно,MNT,,"УБ — Сүхбаатар, 100 айл",Сүхбаатар,3 долоо хоногийн өмнө,2026-03-03T04:19:06+00:00,plumbing,,https://www.unegui.mn/adv/10057749_00n-bogloo-gargana/,no,96111617
6365872,Бохир ус сорно.,,Үнэ тохирно,MNT,,"УБ — Сүхбаатар, Сүхбаатар, Хороо 1",Сүхбаатар,3 долоо хоногийн өмнө,2026-03-03T04:19:06+00:00,plumbing,,https://www.unegui.mn/adv/6365872_bokhir-us-sorno/,no,86887373
10115703,Сантехникийн үйлчилгээ,,Үнэ тохирно,MNT,,"УБ — Сүхбаатар, Сүхбаатар, Хороо 1",Сүхбаатар,3 долоо хоногийн өмнө,2026-03-03T04:19:06+00:00,plumbing,,https://www.unegui.mn/adv/10115703_santekhnikiin-uilchilgee-90550411/,no,90550411
7865879,Халдаг утас сүвлэнэ,1,1₮,MNT,,"УБ — Сүхбаатар, 100 айл",Сүхбаатар,3 долоо хоногийн өмнө,2026-03-03T04:19:06+00:00,plumbing,,https://www.unegui.mn/adv/7865879_khaldag-utas-suvlene/,no,99821519
7865888,Банн солино,,Үнэ тохирно,MNT,,"УБ — Сүхбаатар, 100 айл",Сүхбаатар,3 долоо хоногийн өмнө,2026-03-03T04:19:06+00:00,plumbing,,https://www.unegui.mn/adv/7865888_bann-solino/,no,99821519
7865885,Холигч солино,,Үнэ тохирно,MNT,,"УБ — Сүхбаатар, 100 айл",Сүхбаатар,3 долоо хоногийн өмнө,2026-03-03T04:19:06+00:00,plumbing,,https://www.unegui.mn/adv/7865885_kholigch-solino/,no,99821519
5506811,Hursunduu daragdsan shugam hooloi zasna,500000,"500,000₮",MNT,,"УБ — Сүхбаатар, 100 айл",Сүхбаатар,3 долоо хоногийн өмнө,2026-03-03T04:19:06+00:00,plumbing,,https://www.unegui.mn/adv/5506811_hursunduu-daragdsan-shugam-hooloi-zasna/,no,99821519
5606531,Huldsun shugam hooloi haluun uuraar gesgeene,350000,"350,000₮",MNT,,"УБ — Сүхбаатар, 5-р хороолол",Сүхбаатар,3 долоо хоногийн өмнө,2026-03-03T04:19:06+00:00,plumbing,,https://www.unegui.mn/adv/5606531_huldsun-shugam-hooloi-haluun-uuraar-gesgeene/,no,99821519
5606606,Holigch soline,40000,"40,000₮",MNT,,"УБ — Сүхбаатар, Сүхбаатар, Хороо 1",Сүхбаатар,3 долоо хоногийн өмнө,2026-03-03T04:19:06+00:00,plumbing,,https://www.unegui.mn/adv/5606606_holigch-soline/,no,99821519
6822649,Jorlon bann ugaaltuur solino,,Үнэ тохирно,MNT,,"УБ — Сүхбаатар, Сүхбаатар, Хороо 1",Сүхбаатар,3 долоо хоногийн өмнө,2026-03-03T04:19:06+00:00,plumbing,,https://www.unegui.mn/adv/6822649_jorlon-bann-ugaaltuur-solino/,no,95101617
7027166,Угаалгын машин холбоно,80000,"80,000₮",MNT,,"УБ — Сүхбаатар, Сүхбаатар, Хороо 1",Сүхбаатар,3 долоо хоногийн өмнө,2026-03-03T04:19:06+00:00,plumbing,,https://www.unegui.mn/adv/7027166_ugaalgyn-mashin-kholbono/,no,95101617
7340411,Банн пааландана,250000,"250,000₮",MNT,,"УБ — Сүхбаатар, Бага тойрог",Сүхбаатар,3 долоо хоногийн өмнө,2026-03-03T04:19:06+00:00,plumbing,,https://www.unegui.mn/adv/7340411_bann-paalandana/,no,95101617
5532213,Ugaalgin mashin holbono,80000,"80,000₮",MNT,,"УБ — Сүхбаатар, Сүхбаатар, Хороо 1",Сүхбаатар,3 долоо хоногийн өмнө,2026-03-03T04:19:06+00:00,plumbing,,https://www.unegui.mn/adv/5532213_ugaalgin-mashin/,no,95101617
7839837,Хөлдүүс гаргана,,Үнэ тохирно,MNT,,"УБ — Сүхбаатар, Бага тойрог",Сүхбаатар,3 долоо хоногийн өмнө,2026-03-03T04:19:06+00:00,plumbing,,https://www.unegui.mn/adv/7839837_kholduus-gargana/,no,95101617
4586626,Бохирын бөглөө гаргана,,Үнэ тохирно,MNT,,"УБ — Сүхбаатар, Сүхбаатар, Хороо 1",Сүхбаатар,3 долоо хоногийн өмнө,2026-03-03T04:19:06+00:00,plumbing,,https://www.unegui.mn/adv/4586626_bokhiryn-bogloo-gargana/,no,95101617
9219789,Santehnik ugsralt,,Үнэ тохирно,MNT,,"УБ — Сүхбаатар, Дөлгөөн нуур",Сүхбаатар,3 долоо хоногийн өмнө,2026-03-03T04:19:06+00:00,plumbing,,https://www.unegui.mn/adv/9219789_santehnik-ugsralt/,no,91112291
10056045,Hulduus gargana,,Үнэ тохирно,MNT,,"УБ — Сүхбаатар, 100 айл",Сүхбаатар,1 сарын өмнө,2026-03-03T04:19:06+00:00,plumbing,,https://www.unegui.mn/adv/10056045_hulduus-gargana/,no,88382253
4575358,00n bugluu gargana,,Үнэ тохирно,MNT,,"УБ — Сүхбаатар, Сүхбаатар, Хороо 1",Сүхбаатар,1 сарын өмнө,2026-03-03T04:19:06+00:00,plumbing,,https://www.unegui.mn/adv/4575358_00n-bugluu-gargana/,no,95101617
4647179,Хөлдүү гаргана,,Үнэ тохирно,MNT,,"УБ — Сүхбаатар, Сүхбаатар, Хороо 1",Сүхбаатар,1 сарын өмнө,2026-03-03T04:19:06+00:00,plumbing,,https://www.unegui.mn/adv/4647179_kholduu-gargana/,no,95101617
4234715,Bohirin bugluu gargana,,Үнэ тохирно,MNT,,"УБ — Сүхбаатар, Дарь Эх",Сүхбаатар,1 сарын өмнө,2026-03-03T04:19:06+00:00,plumbing,,https://www.unegui.mn/adv/4234715_bohirin-bugluu-garana/,no,95101617
4659597,Хөлдүүс гаргана,,Үнэ тохирно,MNT,,"УБ — Сүхбаатар, Сүхбаатар, Хороо 1",Сүхбаатар,1 сарын өмнө,2026-03-03T04:19:06+00:00,plumbing,,https://www.unegui.mn/adv/4659597_kholduu-gargana/,no,95101617
10096397,Хөлдсөн шугам уураар гэсгээнэ,,Үнэ тохирно,MNT,,"УБ — Сүхбаатар, Сүхбаатар, Хороо 15",Сүхбаатар,1 сарын өмнө,2026-03-03T04:19:06+00:00,plumbing,,https://www.unegui.mn/adv/10096397_kholdson-shugam-uuraar-gesgeene/,no,88166415
3599527,Уурын тогоогоор гэсгээнэ,,Үнэ тохирно,MNT,,"УБ — Сүхбаатар, Сүхбаатар, Хороо 1",Сүхбаатар,1 сарын өмнө,2026-03-03T04:19:06+00:00,plumbing,,https://www.unegui.mn/adv/3599527_uuryn-togoogoor-gesgeene/,no,88962674
7030360,Ugaalgin mashin holbono,80000,"80,000₮",MNT,,"УБ — Сүхбаатар, Сүхбаатар, Хороо 1",Сүхбаатар,1 сарын өмнө,2026-03-03T04:19:06+00:00,plumbing,,https://www.unegui.mn/adv/7030360_hushig-togtoono/,no,95101617
4731080,Hulduu gargna,,Үнэ тохирно,MNT,,"УБ — Сүхбаатар, Сүхбаатар, Хороо 1",Сүхбаатар,1 сарын өмнө,2026-03-03T04:19:06+00:00,plumbing,,https://www.unegui.mn/adv/4731080_hulduu-gargna/,no,95101617
10050855,Hulduus gargana,,Үнэ тохирно,MNT,,"УБ — Сүхбаатар, 100 айл",Сүхбаатар,1 сарын өмнө,2026-03-03T04:19:06+00:00,plumbing,,https://www.unegui.mn/adv/10050855_hulduus-gargana/,no,88382253
9905572,Haldag utas suwlene,1,1₮,MNT,,"УБ — Сүхбаатар, 100 айл",Сүхбаатар,1 сарын өмнө,2026-03-03T04:19:06+00:00,plumbing,,https://www.unegui.mn/adv/9905572_haldag-utas-suwlene/,no,99769889
9931156,Sangiin ajil hiine,,Үнэ тохирно,MNT,,"УБ — Сүхбаатар, 100 айл",Сүхбаатар,1 сарын өмнө,2026-03-03T04:19:14+00:00,plumbing,,https://www.unegui.mn/adv/9931156_sanguine-ajil-hiine/,no,99769889
2530736,Сантехник гагнуур хийнэ,,Үнэ тохирно,MNT,,"УБ — Сүхбаатар, Сүхбаатар, Хороо 1",Сүхбаатар,1 сарын өмнө,2026-03-03T04:19:14+00:00,plumbing,,https://www.unegui.mn/adv/2530736_khuldsuh-boxir-gesgeene/,no,88962674
9944593,Бохирын хөлдүү бөглөөс гаргана,,Үнэ тохирно,MNT,,"УБ — Сүхбаатар, 100 айл",Сүхбаатар,1 сарын өмнө,2026-03-03T04:19:14+00:00,plumbing,,https://www.unegui.mn/adv/9944593_bokhiryn-kholduu-bogloos-gargana/,no,96111617
10012123,Гүнийн худгийн хөлдүү гаргана,,Үнэ тохирно,MNT,,"УБ — Сүхбаатар, 100 айл",Сүхбаатар,1 сарын өмнө,2026-03-03T04:19:14+00:00,plumbing,,https://www.unegui.mn/adv/10012123_guniin-khudgyn-kholuu-gargana/,no,96111617
9895946,Bann paalandana,300000,"300,000₮",MNT,,"УБ — Сүхбаатар, 100 айл",Сүхбаатар,1 сарын өмнө,2026-03-03T04:19:14+00:00,plumbing,,https://www.unegui.mn/adv/9895946_bann-paalandana/,no,99769889
9021314,Банн суултуур угаалтуур солино,,Үнэ тохирно,MNT,,"УБ — Сүхбаатар, 11-р хороолол",Сүхбаатар,1 сарын өмнө,2026-03-03T04:19:14+00:00,plumbing,,https://www.unegui.mn/adv/9021314_bann-suultuur-ugaaltuur-solino/,no,99769889
8845680,Haldag utas suwlene,,Үнэ тохирно,MNT,,"УБ — Сүхбаатар, 100 айл",Сүхбаатар,1 сарын өмнө,2026-03-03T04:19:14+00:00,plumbing,,https://www.unegui.mn/adv/8845680_haldag-utas-suwlene/,no,99769889
9065358,Bohiriin bugluus gargana bohir sorno hulduu gargana,,Үнэ тохирно,MNT,,"УБ — Сүхбаатар, 11-р хороолол",Сүхбаатар,1 сарын өмнө,2026-03-03T04:19:14+00:00,plumbing,,https://www.unegui.mn/adv/9065358_hulduu-gargana/,no,99769889
5606749,Bohirin bugluus gargana,250000,"250,000₮",MNT,,"УБ — Сүхбаатар, Дөлгөөн нуур",Сүхбаатар,1 сарын өмнө,2026-03-03T04:19:14+00:00,plumbing,,https://www.unegui.mn/adv/5606749_bohirin-bugluus-gargana/,no,99821519
5612189,Bann paalandana,30,30₮,MNT,,"УБ — Сүхбаатар, Сүхбаатар, Хороо 1",Сүхбаатар,1 сарын өмнө,2026-03-03T04:19:14+00:00,plumbing,,https://www.unegui.mn/adv/5612189_bann-paalandana/,no,99821519
5574255,Хөлдсөн шугам хоолой гэсгээнэ,250000,"250,000₮",MNT,,"УБ — Сүхбаатар, 100 айл",Сүхбаатар,1 сарын өмнө,2026-03-03T04:19:14+00:00,plumbing,,https://www.unegui.mn/adv/5574255_kholdson-shugam-khooloi-gesgeene/,no,99821519
4825382,"Бохир цэвэр шугамын септик шийдэл, дуудлагаар оношилгоо, засвар үйлчилгээ",20000,"20,000₮",MNT,,"УБ — Сүхбаатар, Сүхбаатар, Хороо 1",Сүхбаатар,1 сарын өмнө,2026-03-03T04:19:14+00:00,plumbing,,https://www.unegui.mn/adv/4825382_bokhir-tsever-shugmyn-shiidel-zasvar-uilchilgee/,no,99605235
5856487,Bohirin toson bugluus gargana,,Үнэ тохирно,MNT,,"УБ — Сүхбаатар, 100 айл",Сүхбаатар,1 сарын өмнө,2026-03-03T04:19:14+00:00,plumbing,,https://www.unegui.mn/adv/5856487_bohirin-toson-bugluus-gargana/,no,95101617
6790465,00n bugluus gargana,,Үнэ тохирно,MNT,,"УБ — Сүхбаатар, Сүхбаатар, Хороо 1",Сүхбаатар,1 сарын өмнө,2026-03-03T04:19:14+00:00,plumbing,,https://www.unegui.mn/adv/6790465_00n-bugluus-gargana/,no,95101617
10041252,Хөлдүүс гаргана,,Үнэ тохирно,MNT,,"УБ — Сүхбаатар, 100 айл",Сүхбаатар,1 сарын өмнө,2026-03-03T04:19:14+00:00,plumbing,,https://www.unegui.mn/adv/10041252_kholduus-gargana/,no,96111617
5612200,Ugaalgin mashin holbono,20,20₮,MNT,,"УБ — Сүхбаатар, Сүхбаатар, Хороо 1",Сүхбаатар,1 сарын өмнө,2026-03-03T04:19:14+00:00,plumbing,,https://www.unegui.mn/adv/5612200_ugaalgin-mashing-holbono/,no,99821519
5707266,00n bugluu,120000,"120,000₮",MNT,,"УБ — Сүхбаатар, Бага тойрог",Сүхбаатар,1 сарын өмнө,2026-03-03T04:19:14+00:00,plumbing,,https://www.unegui.mn/adv/5707266_00n-bugluu-gargana/,no,99821519
5768540,Bann paalandana,200000,"200,000₮",MNT,,"УБ — Сүхбаатар, Бага тойрог",Сүхбаатар,1 сарын өмнө,2026-03-03T04:19:14+00:00,plumbing,,https://www.unegui.mn/adv/5768540_bann-paalandana/,no,99821519
5812157,Hulduus gargana,,Үнэ тохирно,MNT,,"УБ — Сүхбаатар, Бага тойрог",Сүхбаатар,1 сарын өмнө,2026-03-03T04:19:14+00:00,plumbing,,https://www.unegui.mn/adv/5812157_hulduus-gargana/,no,99821519
10008418,Bohirin bugluu gargana,,Үнэ тохирно,MNT,,"УБ — Сүхбаатар, 100 айл",Сүхбаатар,1 сарын өмнө,2026-03-03T04:19:14+00:00,plumbing,,https://www.unegui.mn/adv/10008418_bohirin-bugluu-gargana/,no,88382253
8732747,Бохирын бөглөө гаргана,,Үнэ тохирно,MNT,,"УБ — Сүхбаатар, 11-р хороолол",Сүхбаатар,1 сарын өмнө,2026-03-03T04:19:14+00:00,plumbing,,https://www.unegui.mn/adv/8732747_bokhiryn-bogloo-gargana/,no,99769889
9024313,Халдаг утас сүвлэнэ,,Үнэ тохирно,MNT,,"УБ — Сүхбаатар, 11-р хороолол",Сүхбаатар,1 сарын өмнө,2026-03-03T04:19:14+00:00,plumbing,,https://www.unegui.mn/adv/9024313_khaldag-utas-suvlene/,no,99769889
7889844,Сантехникийн ажил хийнэ.,1,1₮,MNT,,"УБ — Сүхбаатар, Дарь Эх",Сүхбаатар,1 сарын өмнө,2026-03-03T04:19:14+00:00,plumbing,,https://www.unegui.mn/adv/7889844_santekhnikiin-azhil-khiine/,no,90334671
1420371,Santekhnikiin ajil hiine,1,1₮,MNT,,"УБ — Сүхбаатар, Сүхбаатар, Хороо 1",Сүхбаатар,1 сарын өмнө,2026-03-03T04:19:14+00:00,plumbing,,https://www.unegui.mn/adv/1420371_santekhnik-vilchilgee/,no,95691077
1773163,Ялтсан бойлер угсралт,1,1₮,MNT,,"УБ — Сүхбаатар, Сүхбаатар, Хороо 1",Сүхбаатар,1 сарын өмнө,2026-03-03T04:19:14+00:00,plumbing,,https://www.unegui.mn/adv/1773163_ialtsan-boiller-ugsralt/,no,95691077
1918735,Гадна траншеин,1,1₮,MNT,,"УБ — Сүхбаатар, Сүхбаатар, Хороо 1",Сүхбаатар,1 сарын өмнө,2026-03-03T04:19:14+00:00,plumbing,,https://www.unegui.mn/adv/1918735_gadna-transhein/,no,95691077
2279368,Сантехникийн гагнуур хийнэ,1,1₮,MNT,,"УБ — Сүхбаатар, Сүхбаатар, Хороо 1",Сүхбаатар,1 сарын өмнө,2026-03-03T04:19:14+00:00,plumbing,,https://www.unegui.mn/adv/2279368_santekhnikiin-gagnuur-khiine/,no,95691077
2577415,Ugaalgiin mashin holbono.,1,1₮,MNT,,"УБ — Сүхбаатар, Сүхбаатар, Хороо 1",Сүхбаатар,1 сарын өмнө,2026-03-03T04:19:14+00:00,plumbing,,https://www.unegui.mn/adv/2577415_ugaalgiin-mashin-holbono/,no,95691077
9692205,Bohirin bugluu gargana,,Үнэ тохирно,MNT,,"УБ — Сүхбаатар, 100 айл",Сүхбаатар,1 сарын өмнө,2026-03-03T04:19:14+00:00,plumbing,,https://www.unegui.mn/adv/9692205_bohirin-bugluu-gargana/,no,99821519
5422723,Tsewer bohirin shugam hooloind haldag utas suwlene,250000,"250,000₮",MNT,,"УБ — Сүхбаатар, Сүхбаатар, Хороо 1",Сүхбаатар,1 сарын өмнө,2026-03-03T04:19:14+00:00,plumbing,,https://www.unegui.mn/adv/5422723_tsewer-bohirin-shusam-hooloind-haldag-utas-suwlene/,no,99821519
9692401,00н бөглөө гаргана,,Үнэ тохирно,MNT,,"УБ — Сүхбаатар, 100 айл",Сүхбаатар,1 сарын өмнө,2026-03-03T04:19:14+00:00,plumbing,,https://www.unegui.mn/adv/9692401_00n-bogloo-gargana/,no,99821519
5419104,Toson bugluu haluun uuraar gargana,250000,"250,000₮",MNT,,"УБ — Сүхбаатар, Сүхбаатар, Хороо 1",Сүхбаатар,1 сарын өмнө,2026-03-03T04:19:14+00:00,plumbing,,https://www.unegui.mn/adv/5419104_toson-bugluu-haluun-uuraar-gargana/,no,99821519
9976522,Бохирын хөлдүү бөглөөс уураар гаргана,,Үнэ тохирно,MNT,,"УБ — Сүхбаатар, 100 айл",Сүхбаатар,1 сарын өмнө,2026-03-03T04:19:14+00:00,plumbing,,https://www.unegui.mn/adv/9976522_bokhiryn-kholduu-bogloos-uuraar-gargana/,no,99821519
5040881,00н бөглөө гаргана,150000,"150,000₮",MNT,,"УБ — Сүхбаатар, Бага тойрог",Сүхбаатар,1 сарын өмнө,2026-03-03T04:19:14+00:00,plumbing,,https://www.unegui.mn/adv/5040881_00n-bogloo-gargana/,no,99821519
10012350,Bann paalandana,250000,"250,000₮",MNT,,"УБ — Сүхбаатар, 100 айл",Сүхбаатар,1 сарын өмнө,2026-03-03T04:19:14+00:00,plumbing,,https://www.unegui.mn/adv/10012350_bann-paalandana/,no,88382253
10019409,Hulduu gargana,,Үнэ тохирно,MNT,,"УБ — Сүхбаатар, 100 айл",Сүхбаатар,1 сарын өмнө,2026-03-03T04:19:14+00:00,plumbing,,https://www.unegui.mn/adv/10019409_hulduu-gargana/,no,88382253
9683737,Hulduu gargana,,Үнэ тохирно,MNT,,"УБ — Сүхбаатар, 100 айл",Сүхбаатар,1 сарын өмнө,2026-03-03T04:19:14+00:00,plumbing,,https://www.unegui.mn/adv/9683737_hulduu-gargana/,no,99821519
5636712,Хөлдсөн бохир цэвэр ус гэсгээнэ,,Үнэ тохирно,MNT,,"УБ — Сүхбаатар, Сүхбаатар, Хороо 1",Сүхбаатар,1 сарын өмнө,2026-03-03T04:19:14+00:00,plumbing,,https://www.unegui.mn/adv/5636712_kholdson-bokhir-tsever-us-gesgeene/,no,88962674
4192667,Santehnikiin ajil hiine,1,1₮,MNT,,"УБ — Сүхбаатар, Сүхбаатар, Хороо 1",Сүхбаатар,1 сарын өмнө,2026-03-03T04:19:14+00:00,plumbing,,https://www.unegui.mn/adv/4192667_santehknikiin-ajil-hkiine/,no,85162590
9874403,Ugaalgin mashin holbono,80000,"80,000₮",MNT,,"УБ — Сүхбаатар, 100 айл",Сүхбаатар,1 сарын өмнө,2026-03-03T04:19:14+00:00,plumbing,,https://www.unegui.mn/adv/9874403_ugaalgin-mashin-holbono/,no,99769889
9897027,Ugaalgin mashin holbono,110000,"110,000₮",MNT,,"УБ — Сүхбаатар, 100 айл",Сүхбаатар,1 сарын өмнө,2026-03-03T04:19:14+00:00,plumbing,,https://www.unegui.mn/adv/9897027_ugaalgin-mashin-holbono/,no,99769889
4768725,Угаалтуур суулгана,45000,"45,000₮",MNT,,"УБ — Сүхбаатар, Сүхбаатар, Хороо 1",Сүхбаатар,1 сарын өмнө,2026-03-03T04:19:14+00:00,plumbing,,https://www.unegui.mn/adv/4768725_ugaaltuur-suulgana/,no,95101617
4768702,Холигч солино,40000,"40,000₮",MNT,,"УБ — Сүхбаатар, Сүхбаатар, Хороо 1",Сүхбаатар,1 сарын өмнө,2026-03-03T04:19:14+00:00,plumbing,,https://www.unegui.mn/adv/4768702_kholigch-solino/,no,95101617
9905607,Toson bugluu gargana,,Үнэ тохирно,MNT,,"УБ — Сүхбаатар, 100 айл",Сүхбаатар,1 сарын өмнө,2026-03-03T04:19:14+00:00,plumbing,,https://www.unegui.mn/adv/9905607_toson-bugluu-gargana/,no,99769889
9905612,Hulduu gargana,25000,"25,000₮",MNT,,"УБ — Сүхбаатар, 100 айл",Сүхбаатар,1 сарын өмнө,2026-03-03T04:19:14+00:00,plumbing,,https://www.unegui.mn/adv/9905612_hulduu-gargana/,no,99769889
9910715,Нanan piishin huulnu,250000,"250,000₮",MNT,,"УБ — Сүхбаатар, 100 айл",Сүхбаатар,1 сарын өмнө,2026-03-03T04:19:14+00:00,plumbing,,https://www.unegui.mn/adv/9910715_hanan-piishin-huulnu/,no,99769889
9923341,Бохирын шугам хоолой солих ажил хийнэ,,Үнэ тохирно,MNT,,"УБ — Сүхбаатар, 100 айл",Сүхбаатар,1 сарын өмнө,2026-03-03T04:19:14+00:00,plumbing,,https://www.unegui.mn/adv/9923341_bokhiryn-shugam-khooloi-solikh-azhil-khiine/,no,99769889
6831183,24цагаар сантехникийн ажил дуудлагаар хийнэ,,Үнэ тохирно,MNT,,"УБ — Сүхбаатар, Сүхбаатар, Хороо 1",Сүхбаатар,1 сарын өмнө,2026-03-03T04:19:14+00:00,plumbing,,https://www.unegui.mn/adv/6831183_24tsagaar-santekhnikiin-azhil-duudalgaar-khiine/,no,91116338
4529716,Банн пааландана,,Үнэ тохирно,MNT,,"УБ — Сүхбаатар, Сүхбаатар, Хороо 1",Сүхбаатар,1 сарын өмнө,2026-03-03T04:19:14+00:00,plumbing,,https://www.unegui.mn/adv/4529716_bann-paalandana/,no,95101617
4290764,Gadna bolon dotor shugamiin ajil hiine,1,1₮,MNT,,"УБ — Сүхбаатар, Сүхбаатар, Хороо 1",Сүхбаатар,1 сарын өмнө,2026-03-03T04:19:14+00:00,plumbing,,https://www.unegui.mn/adv/4290764_sangiin-gadna-dodor-shugamiin-ajil-hiine/,no,89777277
3561790,Sangiin gagnuur duudlagaar hiine,10000,"10,000₮",MNT,,"УБ — Сүхбаатар, Сүхбаатар, Хороо 1",Сүхбаатар,1 сарын өмнө,2026-03-03T04:19:14+00:00,plumbing,,https://www.unegui.mn/adv/3561790_sangiin-gagnuur-duudlagaar-hiine/,no,89777277
4690151,Ugaalgin mashin holbono,60000,"60,000₮",MNT,,"УБ — Сүхбаатар, Сүхбаатар, Хороо 1",Сүхбаатар,1 сарын өмнө,2026-03-03T04:19:14+00:00,plumbing,,https://www.unegui.mn/adv/4690151_ugaalgin-mashin-holbono/,no,95101617
8384933,Сантехникийн ажил хийж гүйцэтгэнэ.,,Үнэ тохирно,MNT,,"УБ — Сүхбаатар, Сүхбаатар, Хороо 4",Сүхбаатар,2 сарын өмнө,2026-03-03T04:19:14+00:00,plumbing,,https://www.unegui.mn/adv/8384933_santekhnikiin-azhil-khiizh-guitsetgene/,no,99013806
4828262,Бохир сорно,,Үнэ тохирно,MNT,,"УБ — Сүхбаатар, Сүхбаатар, Хороо 1",Сүхбаатар,2 сарын өмнө,2026-03-03T04:19:14+00:00,plumbing,,https://www.unegui.mn/adv/4828262_bokhir-sorno/,no,95101617
5532122,00n bugluu gargana,80000,"80,000₮",MNT,,"УБ — Сүхбаатар, Сүхбаатар, Хороо 1",Сүхбаатар,2 сарын өмнө,2026-03-03T04:19:14+00:00,plumbing,,https://www.unegui.mn/adv/5532122_00n-bugluu-gargana/,no,95101617
5856493,Haldag utas suwlene,,Үнэ тохирно,MNT,,"УБ — Сүхбаатар, Сүхбаатар, Хороо 1",Сүхбаатар,2 сарын өмнө,2026-03-03T04:19:14+00:00,plumbing,,https://www.unegui.mn/adv/5856493_haldag-utas-suwlene/,no,95101617
4551888,Huldsun shugam hooloi gesgeene,,Үнэ тохирно,MNT,,"УБ — Сүхбаатар, Сүхбаатар, Хороо 1",Сүхбаатар,2 сарын өмнө,2026-03-03T04:19:14+00:00,plumbing,,https://www.unegui.mn/adv/4551888_huldsun-shugam-hooloi-gesgeene/,no,95101617
4690030,Ugaalgin mashin holbono,,Үнэ тохирно,MNT,,"УБ — Сүхбаатар, Сүхбаатар, Хороо 1",Сүхбаатар,2 сарын өмнө,2026-03-03T04:19:14+00:00,plumbing,,https://www.unegui.mn/adv/4690030_ugaalgin-mashin-holbono/,no,95101617
4663541,Угаалгын машин холбоно,,Үнэ тохирно,MNT,,"УБ — Сүхбаатар, Сүхбаатар, Хороо 1",Сүхбаатар,2 сарын өмнө,2026-03-03T04:19:14+00:00,plumbing,,https://www.unegui.mn/adv/4663541_ugaalgyn-mashin-kholbono/,no,95101617
8875576,Сангийн ажил хийнэ,13500,"13,500₮",MNT,,"УБ — Сүхбаатар, 2-р сургууль",Сүхбаатар,2 сарын өмнө,2026-03-03T04:19:14+00:00,plumbing,,https://www.unegui.mn/adv/8875576_sangiin-azhil-khiine/,no,80902154
9021236,Банны бөглөө гаргана,,Үнэ тохирно,MNT,,"УБ — Сүхбаатар, 11-р хороолол",Сүхбаатар,2 сарын өмнө,2026-03-03T04:19:19+00:00,plumbing,,https://www.unegui.mn/adv/9021236_banny-bogloo-gargana/,no,99769889
9874401,00n bugluus gargana,,Үнэ тохирно,MNT,,"УБ — Сүхбаатар, 100 айл",Сүхбаатар,2 сарын өмнө,2026-03-03T04:19:19+00:00,plumbing,,https://www.unegui.mn/adv/9874401_00n-bugluus-gargana/,no,99769889
8778029,Банн пааландана,300000,"300,000₮",MNT,,"УБ — Сүхбаатар, 100 айл",Сүхбаатар,2 сарын өмнө,2026-03-03T04:19:19+00:00,plumbing,,https://www.unegui.mn/adv/8778029_bann-paalandana/,no,99769889
7474483,Сантехникийн бүх төрлийн ажил хийнэ,1,1₮,MNT,,"УБ — Сүхбаатар, Сүхбаатар, Хороо 1",Сүхбаатар,2 сарын өмнө,2026-03-03T04:19:19+00:00,plumbing,,https://www.unegui.mn/adv/7474483_santekhnikiin-bukh-torliin-azhil-khiine/,no,96162221
4547617,Бохирын бөглөө гаргана,,Үнэ тохирно,MNT,,"УБ — Сүхбаатар, Сүхбаатар, Хороо 1",Сүхбаатар,2 сарын өмнө,2026-03-03T04:19:19+00:00,plumbing,,https://www.unegui.mn/adv/4547617_bokhiryn-bogloo-gargana/,no,95101617
3515223,Бохирын худаг угаана бөглөөс гаргана,1,1₮,MNT,,"УБ — Сүхбаатар, Сүхбаатар, Хороо 1",Сүхбаатар,2 сарын өмнө,2026-03-03T04:19:19+00:00,plumbing,,https://www.unegui.mn/adv/3515223_guniin-khudga-ugaana-bogloos-gargana-bokhiryn/,no,91716490
8749770,Bann paalandana,300000,"300,000₮",MNT,,"УБ — Сүхбаатар, 100 айл",Сүхбаатар,2 сарын өмнө,2026-03-03T04:19:19+00:00,plumbing,,https://www.unegui.mn/adv/8749770_bann-paalandana/,no,99769889
3691168,Хөлдөж бөглөрсөн хоолой гэсгээнэ,1,1₮,MNT,,"УБ — Сүхбаатар, Сүхбаатар, Хороо 1",Сүхбаатар,2 сарын өмнө,2026-03-03T04:19:19+00:00,plumbing,,https://www.unegui.mn/adv/3691168_kholdozh-boglorson-khooloi-gesgeene/,no,88962674
4664896,Угаалгын машин холбоно,60000,"60,000₮",MNT,,"УБ — Сүхбаатар, Сүхбаатар, Хороо 1",Сүхбаатар,2 сарын өмнө,2026-03-03T04:19:19+00:00,plumbing,,https://www.unegui.mn/adv/4664896_ugaalgyn-mashin-kholbono/,no,95101617
4588732,Паар угаана,,Үнэ тохирно,MNT,,"УБ — Сүхбаатар, Сүхбаатар, Хороо 1",Сүхбаатар,2 сарын өмнө,2026-03-03T04:19:19+00:00,plumbing,,https://www.unegui.mn/adv/4588732_paar-ugaana/,no,95101617
4589006,Халдаг утас сүвлэнэ,,Үнэ тохирно,MNT,,"УБ — Сүхбаатар, Сүхбаатар, Хороо 1",Сүхбаатар,2 сарын өмнө,2026-03-03T04:19:19+00:00,plumbing,,https://www.unegui.mn/adv/4589006_khaldag-utas-suvlene/,no,95101617
5780493,Bohirin huldsun bugluus gargana,20,20₮,MNT,,"УБ — Сүхбаатар, Сүхбаатар, Хороо 1",Сүхбаатар,2 сарын өмнө,2026-03-03T04:19:19+00:00,plumbing,,https://www.unegui.mn/adv/5780493_bohirin-huldsun-bugluus-gargana/,no,95101617
4846743,Угаалгын машин холбоно,60000,"60,000₮",MNT,,"УБ — Сүхбаатар, Сүхбаатар, Хороо 1",Сүхбаатар,2 сарын өмнө,2026-03-03T04:19:19+00:00,plumbing,,https://www.unegui.mn/adv/4846743_ugaalgyn-mashin-kholbono/,no,95101617
7748897,Ugaalgin mashin holbono,,Үнэ тохирно,MNT,,"УБ — Сүхбаатар, 11-р хороолол",Сүхбаатар,2 сарын өмнө,2026-03-03T04:19:19+00:00,plumbing,,https://www.unegui.mn/adv/7748897_ugaalgin-mashin-holbono/,no,95101617
7738016,Ugaalgiin mashin holbono,1,1₮,MNT,,"УБ — Сүхбаатар, 11-р хороолол",Сүхбаатар,2 сарын өмнө,2026-03-03T04:19:19+00:00,plumbing,,https://www.unegui.mn/adv/7738016_ugaalnii-mashin-holbno/,no,95101617
4629949,Бохирын хөлдүү гаргана,25000,"25,000₮",MNT,,"УБ — Сүхбаатар, Сүхбаатар, Хороо 1",Сүхбаатар,2 сарын өмнө,2026-03-03T04:19:19+00:00,plumbing,,https://www.unegui.mn/adv/4629949_bokhiryn-kholduu-gargana/,no,95101617
5692548,Бохир ус сорно,,Үнэ тохирно,MNT,,"УБ — Сүхбаатар, Сүхбаатар, Хороо 1",Сүхбаатар,2 сарын өмнө,2026-03-03T04:19:19+00:00,plumbing,,https://www.unegui.mn/adv/5692548_bokhir-us-sorno-e-barimt-olgono/,no,99196855
9452798,Бохирын шугамны бөглөөс гаргана,20000,"20,000₮",MNT,,"УБ — Сүхбаатар, 100 айл",Сүхбаатар,2 сарын өмнө,2026-03-03T04:19:19+00:00,plumbing,,https://www.unegui.mn/adv/9452798_bokhiryn-shugamny-bogloos-gargana/,no,88001625
9300248,Бохир сорно,,Үнэ тохирно,MNT,,"УБ — Сүхбаатар, 100 айл",Сүхбаатар,2 сарын өмнө,2026-03-03T04:19:19+00:00,plumbing,,https://www.unegui.mn/adv/9300248_bokhir-sorno/,no,88001625
6903064,Bohirin hulduus gargana,25000,"25,000₮",MNT,,"УБ — Сүхбаатар, Сүхбаатар, Хороо 1",Сүхбаатар,2 сарын өмнө,2026-03-03T04:19:19+00:00,plumbing,,https://www.unegui.mn/adv/6903064_bohirin-hulduus-gargana/,no,95101617
9895966,Gal togooni ugaaltuuriin toson bugluu gargana,350000,"350,000₮",MNT,,"УБ — Сүхбаатар, 100 айл",Сүхбаатар,2 сарын өмнө,2026-03-03T04:19:19+00:00,plumbing,,https://www.unegui.mn/adv/9895966_gal-togooni-ugaaltuuriin-toson-bugluu-gargana/,no,99769889
5882268,Ugaalgin mashin holbono,80000,"80,000₮",MNT,,"УБ — Сүхбаатар, Сүхбаатар, Хороо 1",Сүхбаатар,2 сарын өмнө,2026-03-03T04:19:19+00:00,plumbing,,https://www.unegui.mn/adv/5882268_ugaalgin-mashin-holbono/,no,95101617
4672462,Угаалтуур суулгана,,Үнэ тохирно,MNT,,"УБ — Сүхбаатар, Сүхбаатар, Хороо 1",Сүхбаатар,2 сарын өмнө,2026-03-03T04:19:19+00:00,plumbing,,https://www.unegui.mn/adv/4672462_ugaaltuur-suulgana/,no,95101617
6604730,Bohirin bugluus gargana,350900,"350,900₮",MNT,,"УБ — Сүхбаатар, Сүхбаатар, Хороо 1",Сүхбаатар,2 сарын өмнө,2026-03-03T04:19:19+00:00,plumbing,,https://www.unegui.mn/adv/6604730_bohirin-bugluus-gargana/,no,95101617
5773651,Цэвэр бохирын шугамын хөлдүүс уураар гаргана ариутгал хийнэ,200000,"200,000₮",MNT,,"УБ — Сүхбаатар, 5-р хороолол",Сүхбаатар,2 сарын өмнө,2026-03-03T04:19:19+00:00,plumbing,,https://www.unegui.mn/adv/5773651_tsever-bokhiryn-shugamyn-kholduus-uuraar-gargana/,no,91716490
5856480,Ugaalgin mashing holbono,1,1₮,MNT,,"УБ — Сүхбаатар, Сүхбаатар, Хороо 1",Сүхбаатар,2 сарын өмнө,2026-03-03T04:19:19+00:00,plumbing,,https://www.unegui.mn/adv/5856480_bohirin-bugluus-gargana-bohur-sorno/,no,95101617
8806058,Тосон бөглөө гаргана,,Үнэ тохирно,MNT,,"УБ — Сүхбаатар, 100 айл",Сүхбаатар,2 сарын өмнө,2026-03-03T04:19:19+00:00,plumbing,,https://www.unegui.mn/adv/8806058_toson-bogloo-gargana/,no,99769889
9865770,Бохирын шугамын бөглөөс гаргана,,Үнэ тохирно,MNT,,"УБ — Сүхбаатар, 100 айл",Сүхбаатар,2 сарын өмнө,2026-03-03T04:19:19+00:00,plumbing,,https://www.unegui.mn/adv/9865770_bokhiryn-shugamyn-bogloos-gargana/,no,99769889
4561566,Bohirin bugluu gargana,,Үнэ тохирно,MNT,,"УБ — Сүхбаатар, 100 айл",Сүхбаатар,2 сарын өмнө,2026-03-03T04:19:19+00:00,plumbing,,https://www.unegui.mn/adv/4561566_bohirin-bugluu-gargana/,no,95101617
4672796,Нам даралт халаалт засна,1,1₮,MNT,,"УБ — Сүхбаатар, Сүхбаатар, Хороо 1",Сүхбаатар,2 сарын өмнө,2026-03-03T04:19:19+00:00,plumbing,,https://www.unegui.mn/adv/4672796_nam-daralt-khalaalt-zasna/,no,95101617
4779013,Ugaalgin mashin holbono,,Үнэ тохирно,MNT,,"УБ — Сүхбаатар, Сүхбаатар, Хороо 1",Сүхбаатар,2 сарын өмнө,2026-03-03T04:19:19+00:00,plumbing,,https://www.unegui.mn/adv/4779013_ugaalgin-mashin-holbono/,no,95101617
7857230,Хөлдүүс гаргана,,Үнэ тохирно,MNT,,"УБ — Сүхбаатар, 100 айл",Сүхбаатар,2 сарын өмнө,2026-03-03T04:19:19+00:00,plumbing,,https://www.unegui.mn/adv/7857230_kholduus-gargana/,no,95101617
6790556,Hulduus gargana,,Үнэ тохирно,MNT,,"УБ — Сүхбаатар, Сүхбаатар, Хороо 1",Сүхбаатар,2 сарын өмнө,2026-03-03T04:19:19+00:00,plumbing,,https://www.unegui.mn/adv/6790556_hulduus-gargana/,no,95101617
8782776,Bann paalandana,250000,"250,000₮",MNT,,"УБ — Сүхбаатар, 100 айл",Сүхбаатар,2 сарын өмнө,2026-03-03T04:19:19+00:00,plumbing,,https://www.unegui.mn/adv/8782776_bann-paalandana/,no,99769889
9498170,Bohiriin bugluus gargana,,Үнэ тохирно,MNT,,"УБ — Сүхбаатар, 100 айл",Сүхбаатар,3 сарын өмнө,2026-03-03T04:19:19+00:00,plumbing,,https://www.unegui.mn/adv/9498170_bohiriin-bugluus-gargana/,no,99769889
9874409,Bann solino,,Үнэ тохирно,MNT,,"УБ — Сүхбаатар, 100 айл",Сүхбаатар,3 сарын өмнө,2026-03-03T04:19:19+00:00,plumbing,,https://www.unegui.mn/adv/9874409_bann-solino/,no,99769889
9895808,Ugaalgin mashin holbono,,Үнэ тохирно,MNT,,"УБ — Сүхбаатар, 100 айл",Сүхбаатар,3 сарын өмнө,2026-03-03T04:19:19+00:00,plumbing,,https://www.unegui.mn/adv/9895808_ugaalgin-mashin-holbono/,no,99769889
4094881,Гүний худгийн хөлдүүг халуун уураар гаргана,,Үнэ тохирно,MNT,,"УБ — Сүхбаатар, 100 айл",Сүхбаатар,3 сарын өмнө,2026-03-03T04:19:19+00:00,plumbing,,https://www.unegui.mn/adv/4094881_gunii-khudagyn-kholduug-khaluun-uuraar-gargana/,no,95101617
9937861,Сангийн ажил хийнэ,1,1₮,MNT,,"УБ — Сүхбаатар, Сүхбаатар, Хороо 6",Сүхбаатар,3 сарын өмнө,2026-03-03T04:19:19+00:00,plumbing,,https://www.unegui.mn/adv/9937861_sangiin-azhil-khiine/,no,88003556
6813938,Ugaalgin mashin holbono,100000,"100,000₮",MNT,,"УБ — Сүхбаатар, Сүхбаатар, Хороо 1",Сүхбаатар,3 сарын өмнө,2026-03-03T04:19:19+00:00,plumbing,,https://www.unegui.mn/adv/6813938_ugaalgin-mashin-holbono/,no,95101617
8781026,Haldag utas suwlene,,Үнэ тохирно,MNT,,"УБ — Сүхбаатар, 100 айл",Сүхбаатар,3 сарын өмнө,2026-03-03T04:19:19+00:00,plumbing,,https://www.unegui.mn/adv/8781026_haldag-utas-suwlene/,no,99769889
8780778,00 n bugluu,,Үнэ тохирно,MNT,,"УБ — Сүхбаатар, 100 айл",Сүхбаатар,3 сарын өмнө,2026-03-03T04:19:19+00:00,plumbing,,https://www.unegui.mn/adv/8780778_00-n-bugluu-gargana/,no,99769889
4567491,Haldag utas sublne,,Үнэ тохирно,MNT,,"УБ — Сүхбаатар, Сүхбаатар, Хороо 1",Сүхбаатар,3 сарын өмнө,2026-03-03T04:19:19+00:00,plumbing,,https://www.unegui.mn/adv/4567491_haldag-utas-sublne/,no,95101617
6822564,Bann paalandana,250000,"250,000₮",MNT,,"УБ — Сүхбаатар, Сүхбаатар, Хороо 1",Сүхбаатар,3 сарын өмнө,2026-03-03T04:19:19+00:00,plumbing,,https://www.unegui.mn/adv/6822564_bann-paalandana/,no,95101617
5835491,Угаалгын машин холбоно,60000,"60,000₮",MNT,,"УБ — Сүхбаатар, Сүхбаатар, Хороо 1",Сүхбаатар,3 сарын өмнө,2026-03-03T04:19:19+00:00,plumbing,,https://www.unegui.mn/adv/5835491_ugaalgyn-mashin-kholbono/,no,95101617
9834832,Бохирын хөлдүү бөглөөс гаргана,,Үнэ тохирно,MNT,,"УБ — Сүхбаатар, 100 айл",Сүхбаатар,3 сарын өмнө,2026-03-03T04:19:19+00:00,plumbing,,https://www.unegui.mn/adv/9834832_bokhiryn-kholduu-bogloos-gargana/,no,99769889
9216191,"Сантехник, гагнуурын үйлчилгээ",100000,"100,000₮",MNT,,"УБ — Сүхбаатар, Сүхбаатар, Хороо 1",Сүхбаатар,3 сарын өмнө,2026-03-03T04:19:19+00:00,plumbing,,https://www.unegui.mn/adv/9216191_santekhnik-gagnuuryn-uilchilgee/,no,91015755
4667832,Haldag utas suwlene,120000,"120,000₮",MNT,,"УБ — Сүхбаатар, Сүхбаатар, Хороо 1",Сүхбаатар,3 сарын өмнө,2026-03-03T04:19:19+00:00,plumbing,,https://www.unegui.mn/adv/4667832_haldag-utas-suwlene/,no,95101617
5266049,Bohirin hudag sentig tawina,1,1₮,MNT,,"УБ — Сүхбаатар, Сүхбаатар, Хороо 1",Сүхбаатар,3 сарын өмнө,2026-03-03T04:19:19+00:00,plumbing,,https://www.unegui.mn/adv/5266049_bohirin-hudag-sentig-tawina/,no,95101617
7012327,Ugaalgin mashin holbono,1,1₮,MNT,,"УБ — Сүхбаатар, Сүхбаатар, Хороо 1",Сүхбаатар,3 сарын өмнө,2026-03-03T04:19:19+00:00,plumbing,,https://www.unegui.mn/adv/7012327_ugaalgin-mashin-holbono/,no,95101617
6872294,Ugaaltuur suulgana,2560,"2,560₮",MNT,,"УБ — Сүхбаатар, Сүхбаатар, Хороо 1",Сүхбаатар,3 сарын өмнө,2026-03-03T04:19:19+00:00,plumbing,,https://www.unegui.mn/adv/6872294_ugaaltuur-suulgana/,no,95101617
9391511,00 n bugluu gargana,150000,"150,000₮",MNT,,"УБ — Сүхбаатар, 100 айл",Сүхбаатар,3 сарын өмнө,2026-03-03T04:19:19+00:00,plumbing,,https://www.unegui.mn/adv/9391511_00-n-bugluu-gargana/,no,99769889
9416792,Сангийн ажил хийнэ,,Үнэ тохирно,MNT,,"УБ — Сүхбаатар, 100 айл",Сүхбаатар,3 сарын өмнө,2026-03-03T04:19:19+00:00,plumbing,,https://www.unegui.mn/adv/9416792_sangiin-azhil-khiine/,no,99769889
9825803,Бохир ус сорно бөглөө гаргана хөлдүүс гаргана,,Үнэ тохирно,MNT,,"УБ — Сүхбаатар, 100 айл",Сүхбаатар,3 сарын өмнө,2026-03-03T04:19:19+00:00,plumbing,,https://www.unegui.mn/adv/9825803_bokhir-us-sorno-bogloo-gargana-kholduus-gargana/,no,88191413
5794236,Ugaalgin mashin holbono,1,1₮,MNT,,"УБ — Сүхбаатар, Сүхбаатар, Хороо 1",Сүхбаатар,3 сарын өмнө,2026-03-03T04:19:19+00:00,plumbing,,https://www.unegui.mn/adv/5794236_ugaalgin-mashin-holbono/,no,95101617
5794237,00n bugluu gargana,,Үнэ тохирно,MNT,,"УБ — Сүхбаатар, Сүхбаатар, Хороо 1",Сүхбаатар,3 сарын өмнө,2026-03-03T04:19:19+00:00,plumbing,,https://www.unegui.mn/adv/5794237_00n-bugluu-gargana/,no,95101617
4857368,Бохир сорно,,Үнэ тохирно,MNT,,"УБ — Сүхбаатар, Сүхбаатар, Хороо 1",Сүхбаатар,3 сарын өмнө,2026-03-03T04:19:19+00:00,plumbing,,https://www.unegui.mn/adv/4857368_bokhir-sorno/,no,95101617
4588937,Xuldsun shugam hooloig gesgeene,,Үнэ тохирно,MNT,,"УБ — Сүхбаатар, Сүхбаатар, Хороо 1",Сүхбаатар,3 сарын өмнө,2026-03-03T04:19:19+00:00,plumbing,,https://www.unegui.mn/adv/4588937_xuldsun-shugam-hooloig-gesgeene/,no,95101617
6598216,Haldag utas suwlene,25000,"25,000₮",MNT,,"УБ — Сүхбаатар, Сүхбаатар, Хороо 1",Сүхбаатар,3 сарын өмнө,2026-03-03T04:19:19+00:00,plumbing,,https://www.unegui.mn/adv/6598216_haldag-utas-suwlne/,no,95101617
4575284,Huldsun shugam hooloi gesgeene,,Үнэ тохирно,MNT,,"УБ — Сүхбаатар, Сүхбаатар, Хороо 1",Сүхбаатар,3 сарын өмнө,2026-03-03T04:19:19+00:00,plumbing,,https://www.unegui.mn/adv/4575284_huldsun-shugam-hooloi-gesgeene/,no,95101617
7934741,Сантехник дуудлага засвар,,Үнэ тохирно,MNT,,"УБ — Сүхбаатар, Сүхбаатар, Хороо 1",Сүхбаатар,1 өдрийн өмнө,2026-03-03T04:21:38+00:00,plumbing,,https://www.unegui.mn/adv/7934741_santekhnik-duudlaga-zasvar/,no,95119527
7301962,Сантeхникийн ажил хийнэ,9010,"9,010₮",MNT,,"УБ — Сүхбаатар, Сүхбаатар, Хороо 1",Сүхбаатар,1 өдрийн өмнө,2026-03-03T04:21:38+00:00,plumbing,,https://www.unegui.mn/adv/7301962_santekhnikiin-azhil-khiine/,no,90094774
6342106,Дуудлагын сантехникийн засвар,50000,"50,000₮",MNT,,"УБ — Сүхбаатар, Сүхбаатар, Хороо 1",Сүхбаатар,6 өдрийн өмнө,2026-03-03T04:21:38+00:00,plumbing,,https://www.unegui.mn/adv/6342106_duudlagyn-santekhnikiin-zasvar-khiine-mon-shineer-ugsarna/,no,86118233
1431668,"Цэвэр бохирын шугам хөлдсөнийг гэсгээнэ, сан гагнуур хийнэ.",,Үнэ тохирно,MNT,,"УБ — Сүхбаатар, Сүхбаатар, Хороо 1",Сүхбаатар,1 долоо хоногийн өмнө,2026-03-03T04:21:38+00:00,plumbing,,https://www.unegui.mn/adv/1431668_santehnik-tsever-bolon-bohiryin-shugam-gesgeene-hld-gargana/,no,89092968
10047535,Bohirin bugluus gargana,,Үнэ тохирно,MNT,,"УБ — Сүхбаатар, 100 айл",Сүхбаатар,2 долоо хоногийн өмнө,2026-03-03T04:21:38+00:00,plumbing,,https://www.unegui.mn/adv/10047535_bohirin-bugluus-gargana/,no,99210956
1525461,Tsever bohiriin hulduus uuraar gargana,,Үнэ тохирно,MNT,,"УБ — Сүхбаатар, Сүхбаатар, Хороо 1",Сүхбаатар,3 долоо хоногийн өмнө,2026-03-03T04:21:38+00:00,plumbing,,https://www.unegui.mn/adv/1525461_tsever-bohiriin-hulduus-uuraar-gargan/,no,99843444
2068765,Барилгын сантехникийн угсралт,,Үнэ тохирно,MNT,,"УБ — Сүхбаатар, Сүхбаатар, Хороо 1",Сүхбаатар,1 сарын өмнө,2026-03-03T04:21:38+00:00,plumbing,,https://www.unegui.mn/adv/2068765_barilgyn-santekhnikiin-ugsralt-khiizh-guitsetgene/,no,99095258
4670331,Холигч солино,1,1₮,MNT,,"УБ — Сүхбаатар, Сүхбаатар, Хороо 1",Сүхбаатар,6 минутын өмнө,2026-03-03T04:21:38+00:00,plumbing,,https://www.unegui.mn/adv/4670331_kholigch-solino/,no,95101617
6794584,Ugaalgin mashin holbono,,Үнэ тохирно,MNT,,"УБ — Сүхбаатар, Сүхбаатар, Хороо 1",Сүхбаатар,7 минутын өмнө,2026-03-03T04:21:38+00:00,plumbing,,https://www.unegui.mn/adv/6794584_ugaalgin-mashin-holbono/,no,95101617
5110882,"Ugaalgiin mashinii suuri xiine, mun bannii nvvrnii xaalt xiine",,Үнэ тохирно,MNT,,"УБ — Сүхбаатар, Сүхбаатар, Хороо 1",Сүхбаатар,Өчигдөр,2026-03-03T04:21:38+00:00,plumbing,,https://www.unegui.mn/adv/5110882_ugaalgiin-mashinii-suuri-xiine-mun-bannii-nvvrnii-xaalt-xiine/,no,88480601
4853357,Bann suulgana,,Үнэ тохирно,MNT,,"УБ — Сүхбаатар, Сүхбаатар, Хороо 1",Сүхбаатар,Өчигдөр,2026-03-03T04:21:38+00:00,plumbing,,https://www.unegui.mn/adv/4853357_bann-suulgana/,no,88480601
5856477,Haluun uuraar huldsun shugam hooloi gesgeene,1,1₮,MNT,,"УБ — Сүхбаатар, 100 айл",Сүхбаатар,Өчигдөр,2026-03-03T04:21:38+00:00,plumbing,,https://www.unegui.mn/adv/5856477_haluun-uuraar-huldsun-shugam-hooloi-gesgeene/,no,95101617
8739005,Бохирын бөглөө гаргана,,Үнэ тохирно,MNT,,"УБ — Сүхбаатар, 100 айл",Сүхбаатар,Өчигдөр,2026-03-03T04:21:38+00:00,plumbing,,https://www.unegui.mn/adv/8739005_bokhiryn-bogloo-gargana/,no,99769889
8829517,Bohirin bugluu gargana,,Үнэ тохирно,MNT,,"УБ — Сүхбаатар, 100 айл",Сүхбаатар,Өчигдөр,2026-03-03T04:21:38+00:00,plumbing,,https://www.unegui.mn/adv/8829517_bohirin-bugluu-gargana/,no,99769889
9491489,Угаалтуурын бөглөөс гаргана,,Үнэ тохирно,MNT,,"УБ — Сүхбаатар, 100 айл",Сүхбаатар,Өчигдөр,2026-03-03T04:21:38+00:00,plumbing,,https://www.unegui.mn/adv/9491489_ugaaltuuryn-bogloos-gargana/,no,99769889
6994847,Бүх төрлийн сантехникын шугамны хөлдөөс гэсгээнэ,,Үнэ тохирно,MNT,,"УБ — Сүхбаатар, Сүхбаатар, Хороо 1",Сүхбаатар,Өчигдөр,2026-03-03T04:21:38+00:00,plumbing,,https://www.unegui.mn/adv/6994847_santekhnik/,no,96361656
5582484,Цэвэр бохирын хөлдүүс гаргана,,Үнэ тохирно,MNT,,"УБ — Сүхбаатар, Сүхбаатар, Хороо 16",Сүхбаатар,1 өдрийн өмнө,2026-03-03T04:21:38+00:00,plumbing,,https://www.unegui.mn/adv/5582484_tsever-bokhiryn-kholduus-gargana/,no,89922188
9413704,Сангийн ажил хийнэ,,Үнэ тохирно,MNT,,"УБ — Сүхбаатар, 100 айл",Сүхбаатар,2 өдрийн өмнө,2026-03-03T04:21:38+00:00,plumbing,,https://www.unegui.mn/adv/9413704_sangiin-azhil-khiine/,no,99769889
8807763,00н бөглөө гаргана,150000,"150,000₮",MNT,,"УБ — Сүхбаатар, 100 айл",Сүхбаатар,2 өдрийн өмнө,2026-03-03T04:21:38+00:00,plumbing,,https://www.unegui.mn/adv/8807763_00n-bogloo-gargana/,no,99769889
8781039,Bohirin toson bugluu gargana,,Үнэ тохирно,MNT,,"УБ — Сүхбаатар, 100 айл",Сүхбаатар,2 өдрийн өмнө,2026-03-03T04:21:38+00:00,plumbing,,https://www.unegui.mn/adv/8781039_bohirin-toson-bugluu-gargana/,no,99769889
8990353,Бохирын хөлдүү гаргана,,Үнэ тохирно,MNT,,"УБ — Сүхбаатар, 100 айл",Сүхбаатар,3 өдрийн өмнө,2026-03-03T04:21:38+00:00,plumbing,,https://www.unegui.mn/adv/8990353_bokhiryn-kholduu-gargana/,no,99769889
4988525,Бохирын сeвтик хийнэ,,Үнэ тохирно,MNT,,"УБ — Сүхбаатар, Сүхбаатар, Хороо 1",Сүхбаатар,4 өдрийн өмнө,2026-03-03T04:21:38+00:00,plumbing,,https://www.unegui.mn/adv/4988525_bokhiryn-sevtik-khiine/,no,99843444
323494,Сантeхник,40000,"40,000₮",MNT,,"УБ — Сүхбаатар, Сүхбаатар, Хороо 1",Сүхбаатар,4 өдрийн өмнө,2026-03-03T04:21:38+00:00,plumbing,,https://www.unegui.mn/adv/323494_slesr-santehnik-99843444/,no,99843444
2404277,Bugluus gargana,,Үнэ тохирно,MNT,,"УБ — Сүхбаатар, Сүхбаатар, Хороо 1",Сүхбаатар,4 өдрийн өмнө,2026-03-03T04:21:38+00:00,plumbing,,https://www.unegui.mn/adv/2404277_bugluus-gargan/,no,99843444
9942334,Цэвэр бохирын хөлдүү гаргана,800000,"800,000₮",MNT,,"УБ — Сүхбаатар, 100 айл",Сүхбаатар,4 өдрийн өмнө,2026-03-03T04:21:38+00:00,plumbing,,https://www.unegui.mn/adv/9942334_tsever-bokhiryn-kholduu-gargana/,no,99769889
9942438,Угаалгын машин холбоно,1,1₮,MNT,,"УБ — Сүхбаатар, 100 айл",Сүхбаатар,4 өдрийн өмнө,2026-03-03T04:21:38+00:00,plumbing,,https://www.unegui.mn/adv/9942438_ugaalgyn-mashin-kholbono/,no,99769889
4665615,Бохирын бөглөрсөн асуудал шийднэ,,Үнэ тохирно,MNT,,"УБ — Сүхбаатар, Сүхбаатар, Хороо 1",Сүхбаатар,4 өдрийн өмнө,2026-03-03T04:21:38+00:00,plumbing,,https://www.unegui.mn/adv/4665615_bokhiryn-boglorson-asuudal-shiidne/,no,95101617
10086859,Bohirin bugluu gargana,,Үнэ тохирно,MNT,,"УБ — Сүхбаатар, 100 айл",Сүхбаатар,4 өдрийн өмнө,2026-03-03T04:21:38+00:00,plumbing,,https://www.unegui.mn/adv/10086859_bohirin-bugluu-gargana/,no,80336918
5866849,Bohirin bugluus gargana huldsun shugam hooloi gesgeene bohir sorno,1,1₮,MNT,,"УБ — Сүхбаатар, Сүхбаатар, Хороо 1",Сүхбаатар,4 өдрийн өмнө,2026-03-03T04:21:38+00:00,plumbing,,https://www.unegui.mn/adv/5866849_bohirin-bugluus-gargana/,no,95101617
5532443,Хөлдсөн шугам хоолой халуун уураар гаргана,,Үнэ тохирно,MNT,,"УБ — Сүхбаатар, 100 айл",Сүхбаатар,4 өдрийн өмнө,2026-03-03T04:21:38+00:00,plumbing,,https://www.unegui.mn/adv/5532443_kholdson-shugam-khooloi-khaluun-uuraar-gargana/,no,95101617
7872239,Бохирын бөглөөс гаргана,,Үнэ тохирно,MNT,,"УБ — Сүхбаатар, 100 айл",Сүхбаатар,4 өдрийн өмнө,2026-03-03T04:21:38+00:00,plumbing,,https://www.unegui.mn/adv/7872239_bokhiryn-bogloos-gargana/,no,95101617
10009977,00-ын бөглөөс гаргана,,Үнэ тохирно,MNT,,"УБ — Сүхбаатар, 100 айл",Сүхбаатар,4 өдрийн өмнө,2026-03-03T04:21:38+00:00,plumbing,,https://www.unegui.mn/adv/10009977_00-n-bogloos-gargana/,no,99821519
9936989,Бохирын бөглөөс хөлдүү гаргана,,Үнэ тохирно,MNT,,"УБ — Сүхбаатар, 100 айл",Сүхбаатар,5 өдрийн өмнө,2026-03-03T04:21:38+00:00,plumbing,,https://www.unegui.mn/adv/9936989_bokhiryn-bogloos-kholduu-gargana/,no,99769889
4876850,Бохирын бөглөө гаргана бохир сорно хөлдсөн шугам хоолой гэсгээнэ,,Үнэ тохирно,MNT,,"УБ — Сүхбаатар, Сүхбаатар, Хороо 1",Сүхбаатар,5 өдрийн өмнө,2026-03-03T04:21:38+00:00,plumbing,,https://www.unegui.mn/adv/4876850_bokhiryn-bogloo-gargana-bokhir-sorno-kholdson-shugam-khooloi-gesgeene/,no,99821519
9874406,Bann paalandana,,Үнэ тохирно,MNT,,"УБ — Сүхбаатар, 100 айл",Сүхбаатар,5 өдрийн өмнө,2026-03-03T04:21:38+00:00,plumbing,,https://www.unegui.mn/adv/9874406_bsnn-paalandana/,no,99821519
4885990,Хөлдсөн шугам хоолой гэсгээнэ,1,1₮,MNT,,"УБ — Сүхбаатар, 5-р хороолол",Сүхбаатар,5 өдрийн өмнө,2026-03-03T04:21:38+00:00,plumbing,,https://www.unegui.mn/adv/4885990_kholdson-shugam-khooloi-gesgeene/,no,99821519
5606523,00n bugluus gargana,150000,"150,000₮",MNT,,"УБ — Сүхбаатар, Сүхбаатар, Хороо 1",Сүхбаатар,5 өдрийн өмнө,2026-03-03T04:21:38+00:00,plumbing,,https://www.unegui.mn/adv/5606523_00n-bugluus-gargana/,no,99821519
4659342,Банн пааландана,,Үнэ тохирно,MNT,,"УБ — Сүхбаатар, Сүхбаатар, Хороо 1",Сүхбаатар,5 өдрийн өмнө,2026-03-03T04:21:38+00:00,plumbing,,https://www.unegui.mn/adv/4659342_bann-paalandana/,no,95101617
5856495,Ugaaltuur suulgana,1,1₮,MNT,,"УБ — Сүхбаатар, Сүхбаатар, Хороо 1",Сүхбаатар,5 өдрийн өмнө,2026-03-03T04:21:38+00:00,plumbing,,https://www.unegui.mn/adv/5856495_ugaaltuur-suulgana/,no,95101617
5856496,Holigch solino,1,1₮,MNT,,"УБ — Сүхбаатар, Сүхбаатар, Хороо 1",Сүхбаатар,5 өдрийн өмнө,2026-03-03T04:21:38+00:00,plumbing,,https://www.unegui.mn/adv/5856496_holigch-solino/,no,95101617
6872250,Sangiin ajil hiine,,Үнэ тохирно,MNT,,"УБ — Сүхбаатар, Сүхбаатар, Хороо 1",Сүхбаатар,5 өдрийн өмнө,2026-03-03T04:21:38+00:00,plumbing,,https://www.unegui.mn/adv/6872250_sangiin-ajil-hiine/,no,95101617
5794240,Holigch solino,,Үнэ тохирно,MNT,,"УБ — Сүхбаатар, Сүхбаатар, Хороо 1",Сүхбаатар,5 өдрийн өмнө,2026-03-03T04:21:38+00:00,plumbing,,https://www.unegui.mn/adv/5794240_holigsh-solino/,no,95101617
4672852,Банн угаалтуур суулгана,1,1₮,MNT,,"УБ — Сүхбаатар, Сүхбаатар, Хороо 1",Сүхбаатар,5 өдрийн өмнө,2026-03-03T04:21:38+00:00,plumbing,,https://www.unegui.mn/adv/4672852_bann-ugaaltuur-suulgana/,no,95101617
4670053,Угаалтуурын бөглөө гаргана,,Үнэ тохирно,MNT,,"УБ — Сүхбаатар, Сүхбаатар, Хороо 1",Сүхбаатар,5 өдрийн өмнө,2026-03-03T04:21:38+00:00,plumbing,,https://www.unegui.mn/adv/4670053_ugaaltuuryn-bogloo-gargana/,no,95101617
4667817,Jorlon bann suulgana,,Үнэ тохирно,MNT,,"УБ — Сүхбаатар, Сүхбаатар, Хороо 1",Сүхбаатар,5 өдрийн өмнө,2026-03-03T04:21:38+00:00,plumbing,,https://www.unegui.mn/adv/4667817_jorlon-bann-suulgana/,no,95101617
6822551,Ugaalgiin mashin holbono,80000,"80,000₮",MNT,,"УБ — Сүхбаатар, Сүхбаатар, Хороо 1",Сүхбаатар,5 өдрийн өмнө,2026-03-03T04:21:38+00:00,plumbing,,https://www.unegui.mn/adv/6822551_ugaalgiin-mashin-holbono/,no,95101617
5793875,Хөлдсөн шугам хоолой халуун уураар гэсгээнэ,,Үнэ тохирно,MNT,,"УБ — Сүхбаатар, Сүхбаатар, Хороо 1",Сүхбаатар,5 өдрийн өмнө,2026-03-03T04:21:38+00:00,plumbing,,https://www.unegui.mn/adv/5793875_kholdson-shugam-khooloi-khaluun-uuraar-gesgeene/,no,95101617
6872260,00n bugluu gargana,1,1₮,MNT,,"УБ — Сүхбаатар, Сүхбаатар, Хороо 1",Сүхбаатар,5 өдрийн өмнө,2026-03-03T04:21:38+00:00,plumbing,,https://www.unegui.mn/adv/6872260_00n-bugluu-gargana/,no,95101617
5830990,Бохирын бөглөө гаргана,250000,"250,000₮",MNT,,"УБ — Сүхбаатар, Сүхбаатар, Хороо 1",Сүхбаатар,5 өдрийн өмнө,2026-03-03T04:21:38+00:00,plumbing,,https://www.unegui.mn/adv/5830990_bokhiryn-bogloo-gargana/,no,95101617
4828017,Бохирын бөглөө гаргана,15000,"15,000₮",MNT,,"УБ — Сүхбаатар, Сүхбаатар, Хороо 1",Сүхбаатар,5 өдрийн өмнө,2026-03-03T04:21:38+00:00,plumbing,,https://www.unegui.mn/adv/4828017_bokhiryn-bogloo-gargana/,no,95101617
4693727,Bann paalandana,,Үнэ тохирно,MNT,,"УБ — Сүхбаатар, Сүхбаатар, Хороо 1",Сүхбаатар,5 өдрийн өмнө,2026-03-03T04:21:38+00:00,plumbing,,https://www.unegui.mn/adv/4693727_bann-paalandana/,no,95101617
4561595,Халдаг утас сүвлнэ,,Үнэ тохирно,MNT,,"УБ — Сүхбаатар, Сүхбаатар, Хороо 1",Сүхбаатар,5 өдрийн өмнө,2026-03-03T04:21:38+00:00,plumbing,,https://www.unegui.mn/adv/4561595_hulduu-gargana/,no,95101617
10079740,Tsever bohiriin huldvv bugluu gargana,,Үнэ тохирно,MNT,,"УБ — Сүхбаатар, Сүхбаатар, Хороо 17",Сүхбаатар,5 өдрийн өмнө,2026-03-03T04:21:38+00:00,plumbing,,https://www.unegui.mn/adv/10079740_tsever-bohiriin-huldvv-bugluu-gargana/,no,89115163
4762642,Бохирын цэвэрлэх байгууламж сэптик,,Үнэ тохирно,MNT,,"УБ — Сүхбаатар, Сүхбаатар, Хороо 1",Сүхбаатар,6 өдрийн өмнө,2026-03-03T04:21:38+00:00,plumbing,,https://www.unegui.mn/adv/4762642_bokhiryn-tseverlekh-baiguulamzh/,no,99140463
4570505,Хөлдсөн бөглөрсөн хоолойн бохирын шугамын бөглөө гаргана,,Үнэ тохирно,MNT,,"УБ — Сүхбаатар, Сүхбаатар, Хороо 1",Сүхбаатар,6 өдрийн өмнө,2026-03-03T04:21:38+00:00,plumbing,,https://www.unegui.mn/adv/4570505_kholduus-gargana/,no,99140463
3770817,Haldag kabeli suvlene,,Үнэ тохирно,MNT,,"УБ — Сүхбаатар, Сүхбаатар, Хороо 1",Сүхбаатар,6 өдрийн өмнө,2026-03-03T04:21:38+00:00,plumbing,,https://www.unegui.mn/adv/3770817_haldag-kabeli-suvlene/,no,88127099
3611426,Угаалгын машин холбоно,,Үнэ тохирно,MNT,,"УБ — Сүхбаатар, Сүхбаатар, Хороо 1",Сүхбаатар,6 өдрийн өмнө,2026-03-03T04:21:38+00:00,plumbing,,https://www.unegui.mn/adv/3611426_ugaalgyn-mashin-kholbon/,no,88127099
1461308,Ugaalgiin mashin holbono,,Үнэ тохирно,MNT,,"УБ — Сүхбаатар, Сүхбаатар, Хороо 1",Сүхбаатар,6 өдрийн өмнө,2026-03-03T04:21:38+00:00,plumbing,,https://www.unegui.mn/adv/1461308_ugaalagiin-mashin-holbon/,no,95745061
4309584,Hudag hooloin bugluus gargana,,Үнэ тохирно,MNT,,"УБ — Сүхбаатар, Сүхбаатар, Хороо 1",Сүхбаатар,6 өдрийн өмнө,2026-03-03T04:21:38+00:00,plumbing,,https://www.unegui.mn/adv/4309584_hudag-hooloin-bugluus-gargan/,no,95745061
4588832,Хөлдүүс гаргана,,Үнэ тохирно,MNT,,"УБ — Сүхбаатар, Сүхбаатар, Хороо 1",Сүхбаатар,6 өдрийн өмнө,2026-03-03T04:21:38+00:00,plumbing,,https://www.unegui.mn/adv/4588832_kholduus-gargan/,no,88127099
4576803,Хөлдсөн шугам хоолойг халуун уураар гэсгээнэ,,Үнэ тохирно,MNT,,"УБ — Сүхбаатар, Сүхбаатар, Хороо 1",Сүхбаатар,6 өдрийн өмнө,2026-03-03T04:21:43+00:00,plumbing,,https://www.unegui.mn/adv/4576803_kholdson-shugam-khooloig-khaluun-uuraar-gesgeene/,no,95845061
5323947,Ванна пааландана,,Үнэ тохирно,MNT,,"УБ — Сүхбаатар, Сүхбаатар, Хороо 1",Сүхбаатар,6 өдрийн өмнө,2026-03-03T04:21:43+00:00,plumbing,,https://www.unegui.mn/adv/5323947_vanna-paalandan/,no,88127099
5212465,Тосон бөглөөс гаргана,,Үнэ тохирно,MNT,,"УБ — Сүхбаатар, Сүхбаатар, Хороо 1",Сүхбаатар,6 өдрийн өмнө,2026-03-03T04:21:43+00:00,plumbing,,https://www.unegui.mn/adv/5212465_toson-bogloos-gargan/,no,95745061
5175143,Тосон бөглөө гаргана,,Үнэ тохирно,MNT,,"УБ — Сүхбаатар, Сүхбаатар, Хороо 1",Сүхбаатар,6 өдрийн өмнө,2026-03-03T04:21:43+00:00,plumbing,,https://www.unegui.mn/adv/5175143_toson-bogloo-gargan/,no,99843444
4836701,00-ын бөглөө гаргана,,Үнэ тохирно,MNT,,"УБ — Сүхбаатар, Сүхбаатар, Хороо 1",Сүхбаатар,6 өдрийн өмнө,2026-03-03T04:21:43+00:00,plumbing,,https://www.unegui.mn/adv/4836701_00-yn-bogloo-gargan/,no,95745061
4582509,Хөлдсөн шугам хоолой гэсгээнэ,,Үнэ тохирно,MNT,,"УБ — Сүхбаатар, Сүхбаатар, Хороо 1",Сүхбаатар,6 өдрийн өмнө,2026-03-03T04:21:43+00:00,plumbing,,https://www.unegui.mn/adv/4582509_kholdson-shugam-khooloi-gesgeene/,no,95745061
2400462,Сантехникийн засвар үйлчилгээ хийнэ,40000,"40,000₮",MNT,,"УБ — Сүхбаатар, 5-р хороолол",Сүхбаатар,6 өдрийн өмнө,2026-03-03T04:21:43+00:00,plumbing,,https://www.unegui.mn/adv/2400462_tsakhilgaan-santekhnik-tavilgyn-zasvar-uilchilgee-khiikh/,no,94942800
2480455,"Цтп, узель, автоматжуулалтын ажил хийнэ, зөвлөгөө өгн.",1,1₮,MNT,,"УБ — Сүхбаатар, Сүхбаатар, Хороо 1",Сүхбаатар,6 өдрийн өмнө,2026-03-03T04:21:43+00:00,plumbing,,https://www.unegui.mn/adv/2480455_tstp-uzel-avtomatzhuulaltyn-azhil-khiine-zovlogoo-ogno/,no,95568601
5425184,Сангийн бүх ажил гагнуур хийнэ,,Үнэ тохирно,MNT,,"УБ — Сүхбаатар, Сүхбаатар, Хороо 1",Сүхбаатар,6 өдрийн өмнө,2026-03-03T04:21:43+00:00,plumbing,,https://www.unegui.mn/adv/5425184_sangiin-azhil-khiine-88083193/,no,88083193
6167874,Яндан өрмөөр сан агааржуулалтын нүх гаргана,,Үнэ тохирно,MNT,,"УБ — Сүхбаатар, Сүхбаатар, Хороо 1",Сүхбаатар,6 өдрийн өмнө,2026-03-03T04:21:43+00:00,plumbing,,https://www.unegui.mn/adv/6167874_iandan-oromoor-san-agaarzhuulaltiin-nukh-gargana/,no,99824082
9992639,Hulduu gargana,,Үнэ тохирно,MNT,,"УБ — Сүхбаатар, 100 айл",Сүхбаатар,6 өдрийн өмнө,2026-03-03T04:21:43+00:00,plumbing,,https://www.unegui.mn/adv/9992639_hulduu-gargana/,no,99210956
5916654,Huldsun shugam hooloi gesgeene,1,1₮,MNT,,"УБ — Сүхбаатар, Сүхбаатар, Хороо 1",Сүхбаатар,6 өдрийн өмнө,2026-03-03T04:21:43+00:00,plumbing,,https://www.unegui.mn/adv/5916654_huldsun-shugam-hooloi-gesgeene/,no,95101617
7967885,00-n bugluu gargana,,Үнэ тохирно,MNT,,"УБ — Сүхбаатар, 100 айл",Сүхбаатар,6 өдрийн өмнө,2026-03-03T04:21:43+00:00,plumbing,,https://www.unegui.mn/adv/7967885_00-n-bugluu-gargana/,no,95101617
5606807,Bohirin bugluus gargana,250000,"250,000₮",MNT,,"УБ — Сүхбаатар, Сүхбаатар, Хороо 1",Сүхбаатар,6 өдрийн өмнө,2026-03-03T04:21:43+00:00,plumbing,,https://www.unegui.mn/adv/5606807_bohirin-bugluus-gargana/,no,95101617
5780258,Bannii nvvrnii xaalt xiij gvitsetgene,60000,"60,000₮",MNT,,"УБ — Сүхбаатар, Сүхбаатар, Хороо 1",Сүхбаатар,1 долоо хоногийн өмнө,2026-03-03T04:21:43+00:00,plumbing,,https://www.unegui.mn/adv/5780258_xewtee-bannand-urduur-ni-xaalt-xiij-gvitsetgene/,no,88481196
5275268,"Bannii dood, xajuugiin zai zawsriig xaalt xiij bitvvlj ugnu",,Үнэ тохирно,MNT,,"УБ — Сүхбаатар, Сүхбаатар, Хороо 1",Сүхбаатар,1 долоо хоногийн өмнө,2026-03-03T04:21:43+00:00,plumbing,,https://www.unegui.mn/adv/5275268_bannii-dood-zai-zawsriig-xaalt-xiij-bitvvlj-ugnu/,no,88481196
5243898,Bann suulgana bannii nvvrnii xaalt xiine,1,1₮,MNT,,"УБ — Сүхбаатар, Сүхбаатар, Хороо 1",Сүхбаатар,1 долоо хоногийн өмнө,2026-03-03T04:21:43+00:00,plumbing,,https://www.unegui.mn/adv/5243898_bann-suulgana-bannii-nvvrnii-xaalt-xiine/,no,88481196
5780247,Ugaalgiin mashind gaduur ni chuluugaar xiine,,Үнэ тохирно,MNT,,"УБ — Сүхбаатар, Сүхбаатар, Хороо 1",Сүхбаатар,1 долоо хоногийн өмнө,2026-03-03T04:21:43+00:00,plumbing,,https://www.unegui.mn/adv/5780247_ugaalgiin-mashind-gaduur-ni-xiinee/,no,88481196
9868793,Банн пааландана,,Үнэ тохирно,MNT,,"УБ — Сүхбаатар, 100 айл",Сүхбаатар,1 долоо хоногийн өмнө,2026-03-03T04:21:43+00:00,plumbing,,https://www.unegui.mn/adv/9868793_bann-paalandana/,no,99769889
10075380,Hulduu gargana,,Үнэ тохирно,MNT,,"УБ — Сүхбаатар, 100 айл",Сүхбаатар,1 долоо хоногийн өмнө,2026-03-03T04:21:43+00:00,plumbing,,https://www.unegui.mn/adv/10075380_hulduu-gargana/,no,96111617
9946834,Ванн пааландана,250000,"250,000₮",MNT,,"УБ — Сүхбаатар, 100 айл",Сүхбаатар,1 долоо хоногийн өмнө,2026-03-03T04:21:43+00:00,plumbing,,https://www.unegui.mn/adv/9946834_bann-paalandana/,no,96111617
7138488,Бохирын бөглөөс гаргана,2,2₮,MNT,,"УБ — Сүхбаатар, Дамбадаржаа",Сүхбаатар,1 долоо хоногийн өмнө,2026-03-03T04:21:43+00:00,plumbing,,https://www.unegui.mn/adv/7138488_bohirin-huldsun-bugluus-gargana/,no,95101617
7805381,Утаа хаядаг ханан пийшин засна,,Үнэ тохирно,MNT,,"УБ — Сүхбаатар, 100 айл",Сүхбаатар,1 долоо хоногийн өмнө,2026-03-03T04:21:43+00:00,plumbing,,https://www.unegui.mn/adv/7805381_utaa-khaiadag-khanan-piishin-zasna/,no,95101617
4840789,00н бөглөө гаргана,60000,"60,000₮",MNT,,"УБ — Сүхбаатар, Сүхбаатар, Хороо 1",Сүхбаатар,1 долоо хоногийн өмнө,2026-03-03T04:21:43+00:00,plumbing,,https://www.unegui.mn/adv/4840789_00n-bogloo-gargana/,no,95101617
10146389,Цэвэр бохир шугамын хөлдүүс гаргана,,Үнэ тохирно,MNT,,"УБ — Сүхбаатар, Дамбадаржаа",Сүхбаатар,1 долоо хоногийн өмнө,2026-03-03T04:21:43+00:00,plumbing,,https://www.unegui.mn/adv/10146389_tsever-bokhir-shugamyn-kholduus-gargana/,no,99932198
10146378,Сантеникийн ажил хийнэ,,Үнэ тохирно,MNT,,"УБ — Сүхбаатар, 100 айл",Сүхбаатар,1 долоо хоногийн өмнө,2026-03-03T04:21:43+00:00,plumbing,,https://www.unegui.mn/adv/10146378_santenikiin-azhil-khiine/,no,99932198
5995115,Гадна бохирын септик систем шугам угсралт,1,1 сая₮,MNT,,"УБ — Сүхбаатар, Сүхбаатар, Хороо 1",Сүхбаатар,1 долоо хоногийн өмнө,2026-03-03T04:21:43+00:00,plumbing,,https://www.unegui.mn/adv/5995115_gadna-bokhiryn-septik-sistem-shugam-ugsralt/,no,89922188
5599975,Huldsun shugam hooloi gesgeene,,Үнэ тохирно,MNT,,"УБ — Сүхбаатар, Дамбадаржаа",Сүхбаатар,1 долоо хоногийн өмнө,2026-03-03T04:21:43+00:00,plumbing,,https://www.unegui.mn/adv/5599975_huldsun-shugam-hooloi-gesgeene/,no,99821519
4568945,Хөлдсөн шугам хоолой халуун уураар гэсгээнэ,,Үнэ тохирно,MNT,,"УБ — Сүхбаатар, Сүхбаатар, Хороо 1",Сүхбаатар,1 долоо хоногийн өмнө,2026-03-03T04:21:43+00:00,plumbing,,https://www.unegui.mn/adv/4568945_kholdoson-shugam-khooloi-khaluun-uuraar-gesgeene/,no,88127099
4333775,Ванна пааландана,,Үнэ тохирно,MNT,,"УБ — Сүхбаатар, Сүхбаатар, Хороо 1",Сүхбаатар,1 долоо хоногийн өмнө,2026-03-03T04:21:43+00:00,plumbing,,https://www.unegui.mn/adv/4333775_vanna-paalandana/,no,95845061
5286123,Тосон бөглөө гаргана,,Үнэ тохирно,MNT,,"УБ — Сүхбаатар, Сүхбаатар, Хороо 1",Сүхбаатар,1 долоо хоногийн өмнө,2026-03-03T04:21:43+00:00,plumbing,,https://www.unegui.mn/adv/5286123_toson-bogloo-gargan/,no,95845061
4333760,Бохирын бөглөөс гаргана,,Үнэ тохирно,MNT,,"УБ — Сүхбаатар, Сүхбаатар, Хороо 1",Сүхбаатар,1 долоо хоногийн өмнө,2026-03-03T04:21:43+00:00,plumbing,,https://www.unegui.mn/adv/4333760_bokhiryn-bogloos-gargan/,no,95845061
1435622,Santehnik ugsraltiin ajil hiine,,Үнэ тохирно,MNT,,"УБ — Сүхбаатар, Сүхбаатар, Хороо 1",Сүхбаатар,1 долоо хоногийн өмнө,2026-03-03T04:21:43+00:00,plumbing,,https://www.unegui.mn/adv/1435622_santehnik-ugsaraltiin-ajil-hiine/,no,95745061
5700866,Хөлдүү гаргана,,Үнэ тохирно,MNT,,"УБ — Сүхбаатар, Сүхбаатар, Хороо 1",Сүхбаатар,1 долоо хоногийн өмнө,2026-03-03T04:21:43+00:00,plumbing,,https://www.unegui.mn/adv/5700866_kholduu-gargana/,no,98162988
5361594,Бохирын бөглөөс гаргана,,Үнэ тохирно,MNT,,"УБ — Сүхбаатар, Сүхбаатар, Хороо 1",Сүхбаатар,1 долоо хоногийн өмнө,2026-03-03T04:21:43+00:00,plumbing,,https://www.unegui.mn/adv/5361594_bokhiryn-bogloos-gargan/,no,98162988
5350871,Ванна пааландана,,Үнэ тохирно,MNT,,"УБ — Сүхбаатар, Сүхбаатар, Хороо 1",Сүхбаатар,1 долоо хоногийн өмнө,2026-03-03T04:21:43+00:00,plumbing,,https://www.unegui.mn/adv/5350871_vanna-paalandana/,no,98162988
3611409,Бохирын бөглөөс гаргана,,Үнэ тохирно,MNT,,"УБ — Сүхбаатар, Сүхбаатар, Хороо 1",Сүхбаатар,1 долоо хоногийн өмнө,2026-03-03T04:21:43+00:00,plumbing,,https://www.unegui.mn/adv/3611409_bokhiryn-bugluus-gargan/,no,88127099
3611420,Сантехникийн ажил хийнэ,,Үнэ тохирно,MNT,,"УБ — Сүхбаатар, Сүхбаатар, Хороо 1",Сүхбаатар,1 долоо хоногийн өмнө,2026-03-03T04:21:43+00:00,plumbing,,https://www.unegui.mn/adv/3611420_santekhnikiin-azhil-khiine/,no,88127099
4609970,Хөлдүүс гаргана,,Үнэ тохирно,MNT,,"УБ — Сүхбаатар, Сүхбаатар, Хороо 1",Сүхбаатар,1 долоо хоногийн өмнө,2026-03-03T04:21:43+00:00,plumbing,,https://www.unegui.mn/adv/4609970_kholduus-gargan/,no,95845061
1471411,Tsever bohiriin hulduus uuraar gargana,,Үнэ тохирно,MNT,,"УБ — Сүхбаатар, Сүхбаатар, Хороо 1",Сүхбаатар,1 долоо хоногийн өмнө,2026-03-03T04:21:43+00:00,plumbing,,https://www.unegui.mn/adv/1471411_tsever-bohiriin-hulduus-uuraar-gargan/,no,95745061
3611387,Халдаг кабел сүвлэнэ,,Үнэ тохирно,MNT,,"УБ — Сүхбаатар, Сүхбаатар, Хороо 1",Сүхбаатар,1 долоо хоногийн өмнө,2026-03-03T04:21:43+00:00,plumbing,,https://www.unegui.mn/adv/3611387_khaldag-kabel-suvlen/,no,95745061
1461327,Bann paalandan,,Үнэ тохирно,MNT,,"УБ — Сүхбаатар, Сүхбаатар, Хороо 1",Сүхбаатар,1 долоо хоногийн өмнө,2026-03-03T04:21:43+00:00,plumbing,,https://www.unegui.mn/adv/1461327_bann-paalandan/,no,95745061
4577002,Шугам хоолойн хөлдүүс гаргана,,Үнэ тохирно,MNT,,"УБ — Сүхбаатар, Сүхбаатар, Хороо 1",Сүхбаатар,1 долоо хоногийн өмнө,2026-03-03T04:21:43+00:00,plumbing,,https://www.unegui.mn/adv/4577002_shugam-khooloin-kholduus-gargan/,no,99843444
5612165,Hulduus gargana,,Үнэ тохирно,MNT,,"УБ — Сүхбаатар, Сүхбаатар, Хороо 1",Сүхбаатар,1 долоо хоногийн өмнө,2026-03-03T04:21:43+00:00,plumbing,,https://www.unegui.mn/adv/5612165_hulduus-gargana/,no,99821519
7863640,Хөлдүүс гаргана,,Үнэ тохирно,MNT,,"УБ — Сүхбаатар, 100 айл",Сүхбаатар,1 долоо хоногийн өмнө,2026-03-03T04:21:43+00:00,plumbing,,https://www.unegui.mn/adv/7863640_kholduus-gargana/,no,99821519
4768740,Ugaaltuur suulgana,40000,"40,000₮",MNT,,"УБ — Сүхбаатар, Сүхбаатар, Хороо 1",Сүхбаатар,1 долоо хоногийн өмнө,2026-03-03T04:21:43+00:00,plumbing,,https://www.unegui.mn/adv/4768740_ugaaltuur-suulgana/,no,99821519
5606719,Jorlon bann suulgana,25000,"25,000₮",MNT,,"УБ — Сүхбаатар, Сүхбаатар, Хороо 1",Сүхбаатар,1 долоо хоногийн өмнө,2026-03-03T04:21:43+00:00,plumbing,,https://www.unegui.mn/adv/5606719_jorlon-bann-suulgana/,no,99821519
7104724,Бохирын бөглөөс гаргана bohir sorno,,Үнэ тохирно,MNT,,"УБ — Сүхбаатар, Сүхбаатар, Хороо 1",Сүхбаатар,1 долоо хоногийн өмнө,2026-03-03T04:21:43+00:00,plumbing,,https://www.unegui.mn/adv/7104724_bokhiryn-bogloos-gargana/,no,95101617
6604716,Bann paalandana,250000,"250,000₮",MNT,,"УБ — Сүхбаатар, Сүхбаатар, Хороо 1",Сүхбаатар,1 долоо хоногийн өмнө,2026-03-03T04:21:43+00:00,plumbing,,https://www.unegui.mn/adv/6604716_bann-paalandana/,no,95101617
4768656,Банн пааландана,250000,"250,000₮",MNT,,"УБ — Сүхбаатар, Сүхбаатар, Хороо 1",Сүхбаатар,1 долоо хоногийн өмнө,2026-03-03T04:21:43+00:00,plumbing,,https://www.unegui.mn/adv/4768656_bann-paalandana/,no,95101617
5806322,Хөлдүүс гаргана,1,1₮,MNT,,"УБ — Сүхбаатар, Сүхбаатар, Хороо 1",Сүхбаатар,1 долоо хоногийн өмнө,2026-03-03T04:21:43+00:00,plumbing,,https://www.unegui.mn/adv/5806322_kholduus-gargana/,no,95101617
4522600,00- н бөглөө гаргана,,Үнэ тохирно,MNT,,"УБ — Сүхбаатар, Сүхбаатар, Хороо 1",Сүхбаатар,1 долоо хоногийн өмнө,2026-03-03T04:21:43+00:00,plumbing,,https://www.unegui.mn/adv/4522600_00-n-bogloo-gargana/,no,95101617
7007537,Bohirin bugluu gargana,1,1₮,MNT,,"УБ — Сүхбаатар, Сүхбаатар, Хороо 1",Сүхбаатар,1 долоо хоногийн өмнө,2026-03-03T04:21:43+00:00,plumbing,,https://www.unegui.mn/adv/7007537_bohirin-bugluu-gargana/,no,95101617
6598512,Huldsun bohirin bugluus uuraar gargana,55000,"55,000₮",MNT,,"УБ — Сүхбаатар, Сүхбаатар, Хороо 1",Сүхбаатар,1 долоо хоногийн өмнө,2026-03-03T04:21:43+00:00,plumbing,,https://www.unegui.mn/adv/6598512_huldsun-bohirin-bugluus-uuraar-gargana/,no,95101617
4677985,Bohirin hulduu gargana,150000,"150,000₮",MNT,,"УБ — Сүхбаатар, Сүхбаатар, Хороо 1",Сүхбаатар,2 долоо хоногийн өмнө,2026-03-03T04:21:43+00:00,plumbing,,https://www.unegui.mn/adv/4677985_bohirin-hulduu-gargana/,no,95101617
7018566,Хөлдүүс гаргана,250000,"250,000₮",MNT,,"УБ — Сүхбаатар, Сүхбаатар, Хороо 1",Сүхбаатар,2 долоо хоногийн өмнө,2026-03-03T04:21:43+00:00,plumbing,,https://www.unegui.mn/adv/7018566_kholduus-gargana/,no,95101617
7743938,Bohiriin bugluus garna,1,1₮,MNT,,"УБ — Сүхбаатар, 11-р хороолол",Сүхбаатар,2 долоо хоногийн өмнө,2026-03-03T04:21:43+00:00,plumbing,,https://www.unegui.mn/adv/7743938_bohiriin-bugluus-garna/,no,95101617
9931276,Цэвэр бохирын хөлдүүс гаргана,10000,"10,000₮",MNT,,"УБ — Сүхбаатар, Сүхбаатар, Хороо 1",Сүхбаатар,2 долоо хоногийн өмнө,2026-03-03T04:21:43+00:00,plumbing,,https://www.unegui.mn/adv/9931276_tsever-bokhiryn-kholduus-gargana-aa/,no,80042607
4634564,Хөлдүү гаргана,,Үнэ тохирно,MNT,,"УБ — Сүхбаатар, Сүхбаатар, Хороо 1",Сүхбаатар,2 долоо хоногийн өмнө,2026-03-03T04:21:43+00:00,plumbing,,https://www.unegui.mn/adv/4634564_kholduu-gargana/,no,95101617
4534972,Бохирын бөглөө гаргана,,Үнэ тохирно,MNT,,"УБ — Сүхбаатар, Сүхбаатар, Хороо 1",Сүхбаатар,2 долоо хоногийн өмнө,2026-03-03T04:21:43+00:00,plumbing,,https://www.unegui.mn/adv/4534972_bokhiryn-bogloo-gargana/,no,95101617
10012107,Банн пааландана,,Үнэ тохирно,MNT,,"УБ — Сүхбаатар, 100 айл",Сүхбаатар,2 долоо хоногийн өмнө,2026-03-03T04:21:49+00:00,plumbing,,https://www.unegui.mn/adv/10012107_bann-paalandana/,no,99210956
399313,Бохир ус сорно,,Үнэ тохирно,MNT,,"УБ — Сүхбаатар, Сүхбаатар, Хороо 1",Сүхбаатар,2 долоо хоногийн өмнө,2026-03-03T04:21:49+00:00,plumbing,,https://www.unegui.mn/adv/399313_bohir-us-soruulah-jlchilgee/,no,90196855
10076992,Huldsun bugluus gargana,,Үнэ тохирно,MNT,,"УБ — Сүхбаатар, 100 айл",Сүхбаатар,2 долоо хоногийн өмнө,2026-03-03T04:21:49+00:00,plumbing,,https://www.unegui.mn/adv/10076992_huldsun-bugluus-gargana/,no,99210956
3562165,Бохир цэвэр усны хөлдүүс бөглөөс уураар утаж гаргана,20000,"20,000₮",MNT,,"УБ — Сүхбаатар, Сүхбаатар, Хороо 1",Сүхбаатар,2 долоо хоногийн өмнө,2026-03-03T04:21:49+00:00,plumbing,,https://www.unegui.mn/adv/3562165_bokhir-tsever-usny-kholduus-gargana/,no,90101215
6780704,Bohirin hulduus gargana,550000,"550,000₮",MNT,,"УБ — Сүхбаатар, Сүхбаатар, Хороо 1",Сүхбаатар,2 долоо хоногийн өмнө,2026-03-03T04:21:49+00:00,plumbing,,https://www.unegui.mn/adv/6780704_bohirin-hulduus-gargana/,no,95101617
4636960,Угаалгын машин холбоно,1,1₮,MNT,,"УБ — Сүхбаатар, Сүхбаатар, Хороо 1",Сүхбаатар,2 долоо хоногийн өмнө,2026-03-03T04:21:49+00:00,plumbing,,https://www.unegui.mn/adv/4636960_ugaalgyn-mashin-kholbono/,no,95101617
4779031,Jorlon bann suulgana,,Үнэ тохирно,MNT,,"УБ — Сүхбаатар, Сүхбаатар, Хороо 1",Сүхбаатар,2 долоо хоногийн өмнө,2026-03-03T04:21:49+00:00,plumbing,,https://www.unegui.mn/adv/4779031_jorlon-bann-suulgana/,no,95101617
4002893,Сантехникийн гадна дотор ажил хийнэ,,Үнэ тохирно,MNT,,"УБ — Сүхбаатар, Сүхбаатар, Хороо 1",Сүхбаатар,2 долоо хоногийн өмнө,2026-03-03T04:21:49+00:00,plumbing,,https://www.unegui.mn/adv/4002893_bokhiryn-sistem-shugamyn-azhil-khiine/,no,89922188
6892253,Бохирын бөглөөс гаргана,,Үнэ тохирно,MNT,,"УБ — Сүхбаатар, Сүхбаатар, Хороо 17",Сүхбаатар,2 долоо хоногийн өмнө,2026-03-03T04:21:49+00:00,plumbing,,https://www.unegui.mn/adv/6892253_bokhiryn-kholduus-gargana/,no,95101617
4667708,Bann paalandana,250000,"250,000₮",MNT,,"УБ — Сүхбаатар, Сүхбаатар, Хороо 1",Сүхбаатар,2 долоо хоногийн өмнө,2026-03-03T04:21:49+00:00,plumbing,,https://www.unegui.mn/adv/4667708_bann-paalandana/,no,95101617
10133986,Хөлдсөн шугам хоолой гэсгээнэ,,Үнэ тохирно,MNT,,"УБ — Сүхбаатар, Сүхбаатар, Хороо 15",Сүхбаатар,2 долоо хоногийн өмнө,2026-03-03T04:21:49+00:00,plumbing,,https://www.unegui.mn/adv/10133986_khodson-shugam-khooloi-gesgeene/,no,99214589
4553438,Haldag utas suwlne,,Үнэ тохирно,MNT,,"УБ — Сүхбаатар, Сүхбаатар, Хороо 1",Сүхбаатар,2 долоо хоногийн өмнө,2026-03-03T04:21:49+00:00,plumbing,,https://www.unegui.mn/adv/4553438_haldag-utas-suwlne/,no,95101617
4787701,Хөлдүү гаргана,,Үнэ тохирно,MNT,,"УБ — Сүхбаатар, Сүхбаатар, Хороо 1",Сүхбаатар,2 долоо хоногийн өмнө,2026-03-03T04:21:49+00:00,plumbing,,https://www.unegui.mn/adv/4787701_kholduu-gargana/,no,95101617
5793859,00н бөглөө гаргана,80000,"80,000₮",MNT,,"УБ — Сүхбаатар, Сүхбаатар, Хороо 1",Сүхбаатар,2 долоо хоногийн өмнө,2026-03-03T04:21:49+00:00,plumbing,,https://www.unegui.mn/adv/5793859_00n-bogloo-gargana/,no,95101617
4835184,"Бохир цэвэр усны шугамын шийдэл,засвар үйлчилгээ",10000,"10,000₮",MNT,,"УБ — Сүхбаатар, Сүхбаатар, Хороо 1",Сүхбаатар,2 долоо хоногийн өмнө,2026-03-03T04:21:49+00:00,plumbing,,https://www.unegui.mn/adv/4835184_bokhir-tsever-usny-shugamyn-shiidel-zasvar-uilchilgee/,no,90101215
4098397,Сантехникийн ажил хийнэ,10000,"10,000₮",MNT,,"УБ — Сүхбаатар, Сүхбаатар, Хороо 1",Сүхбаатар,2 долоо хоногийн өмнө,2026-03-03T04:21:49+00:00,plumbing,,https://www.unegui.mn/adv/4098397_santekhnikiin-bukh-torliin-azhil-khiine/,no,90101215
10058816,Гүний худагын хөлдүү гаргана,,Үнэ тохирно,MNT,,"УБ — Сүхбаатар, 100 айл",Сүхбаатар,2 долоо хоногийн өмнө,2026-03-03T04:21:49+00:00,plumbing,,https://www.unegui.mn/adv/10058816_gunii-khudagyn-kholduu-gargana/,no,96111617
4565203,Хөлдсөн шугам хоолой гэсгээнэ,,Үнэ тохирно,MNT,,"УБ — Сүхбаатар, 100 айл",Сүхбаатар,2 долоо хоногийн өмнө,2026-03-03T04:21:49+00:00,plumbing,,https://www.unegui.mn/adv/4565203_kholdson-shugam-khooloi-gesgeene/,no,95101617
8168820,Цэвэр бохирын хөлдүүс гаргана,20000,"20,000₮",MNT,,"УБ — Сүхбаатар, 11-р хороолол",Сүхбаатар,2 долоо хоногийн өмнө,2026-03-03T04:21:49+00:00,plumbing,,https://www.unegui.mn/adv/8168820_tsever-bokhiryn-kholduus-gargana/,no,95101617
3569871,Хөлдсөн цэвэр бохирын усны шугамын хоолой уураар утаж гаргана,20000,"20,000₮",MNT,,"УБ — Сүхбаатар, Сүхбаатар, Хороо 1",Сүхбаатар,3 долоо хоногийн өмнө,2026-03-03T04:21:49+00:00,plumbing,,https://www.unegui.mn/adv/3569871_kholdson-tsever-bokhiryn-usny-shugamyn-khooloi-uuraar-utazh-gargana/,no,99605235
10079148,Ванн пааландана банн өнгөлнө,,Үнэ тохирно,MNT,,"УБ — Сүхбаатар, 100 айл",Сүхбаатар,3 долоо хоногийн өмнө,2026-03-03T04:21:49+00:00,plumbing,,https://www.unegui.mn/adv/10079148_bann-paalandana-bann-ongolno/,no,96111617
4597351,Хөлдүү гаргана,,Үнэ тохирно,MNT,,"УБ — Сүхбаатар, Сүхбаатар, Хороо 1",Сүхбаатар,3 долоо хоногийн өмнө,2026-03-03T04:21:49+00:00,plumbing,,https://www.unegui.mn/adv/4597351_kholduu-gargana/,no,95101617
10123061,Хөлдсөн цэвэр бохирын шугам хоолой уураар гэсгээж гаргана,,Үнэ тохирно,MNT,,"УБ — Сүхбаатар, Сүхбаатар, Хороо 15",Сүхбаатар,3 долоо хоногийн өмнө,2026-03-03T04:21:49+00:00,plumbing,,https://www.unegui.mn/adv/10123061_kholdson-tsever-bokhiryn-shugam-khooloi-uuraar-gesgeezh-gargana-khaldag-kabel-suvlene/,no,88166415
5622740,Хөлдүү гаргана,,Үнэ тохирно,MNT,,"УБ — Сүхбаатар, Сүхбаатар, Хороо 1",Сүхбаатар,3 долоо хоногийн өмнө,2026-03-03T04:21:49+00:00,plumbing,,https://www.unegui.mn/adv/5622740_kholduu-garagna/,no,89896586
5622742,Ванна пааландана,,Үнэ тохирно,MNT,,"УБ — Сүхбаатар, Сүхбаатар, Хороо 1",Сүхбаатар,3 долоо хоногийн өмнө,2026-03-03T04:21:49+00:00,plumbing,,https://www.unegui.mn/adv/5622742_vanna-paalandan/,no,89896586
5622748,Бохирын бөглөөс гаргана,,Үнэ тохирно,MNT,,"УБ — Сүхбаатар, Сүхбаатар, Хороо 1",Сүхбаатар,3 долоо хоногийн өмнө,2026-03-03T04:21:49+00:00,plumbing,,https://www.unegui.mn/adv/5622748_bokhiryn-bogloos-gargan/,no,89896586
6507245,Бохирын севтик хийнэ,1,1₮,MNT,,"УБ — Сүхбаатар, Сүхбаатар, Хороо 1",Сүхбаатар,3 долоо хоногийн өмнө,2026-03-03T04:21:49+00:00,plumbing,,https://www.unegui.mn/adv/6507245_bokhiryn-sevtik-khiine/,no,89896586
6507295,Халдаг кабель сүвэлнэ,,Үнэ тохирно,MNT,,"УБ — Сүхбаатар, Сүхбаатар, Хороо 1",Сүхбаатар,3 долоо хоногийн өмнө,2026-03-03T04:21:49+00:00,plumbing,,https://www.unegui.mn/adv/6507295_khaldag-kabel-suvlezh-khiizh-ogno/,no,89896586
10122305,Худаг бохирын хөлдүүс гаргана,,Үнэ тохирно,MNT,,"УБ — Сүхбаатар, Цолмонгийн ам",Сүхбаатар,3 долоо хоногийн өмнө,2026-03-03T04:21:49+00:00,plumbing,,https://www.unegui.mn/adv/10122305_khudag-bokhiryn-kholduus-gargana/,no,88388333
5604219,Хөлдсөн шугам хоолой халуун уураар гэсгээнэ,,Үнэ тохирно,MNT,,"УБ — Сүхбаатар, Сүхбаатар, Хороо 1",Сүхбаатар,3 долоо хоногийн өмнө,2026-03-03T04:21:49+00:00,plumbing,,https://www.unegui.mn/adv/5604219_kholdson-shugam-khooloi-khaluun-uuraar-gesgeene/,no,95101617
4654172,Хөлдүү гаргана,250000,"250,000₮",MNT,,"УБ — Сүхбаатар, Сүхбаатар, Хороо 1",Сүхбаатар,3 долоо хоногийн өмнө,2026-03-03T04:21:49+00:00,plumbing,,https://www.unegui.mn/adv/4654172_kholduu-gargana/,no,95101617
5928607,Santehnikiin zasvar hiine,1,1₮,MNT,,"УБ — Сүхбаатар, Сүхбаатар, Хороо 1",Сүхбаатар,3 долоо хоногийн өмнө,2026-03-03T04:21:49+00:00,plumbing,,https://www.unegui.mn/adv/5928607_santehnikiin-zasvar-hiine/,no,95101617
6572602,00n bugluus gargana,80000,"80,000₮",MNT,,"УБ — Сүхбаатар, Сүхбаатар, Хороо 1",Сүхбаатар,3 долоо хоногийн өмнө,2026-03-03T04:21:49+00:00,plumbing,,https://www.unegui.mn/adv/6572602_00n-bugluus-gargana/,no,95101617
10057749,00н бөглөө гаргана,,Үнэ тохирно,MNT,,"УБ — Сүхбаатар, 100 айл",Сүхбаатар,3 долоо хоногийн өмнө,2026-03-03T04:21:49+00:00,plumbing,,https://www.unegui.mn/adv/10057749_00n-bogloo-gargana/,no,96111617
6365872,Бохир ус сорно.,,Үнэ тохирно,MNT,,"УБ — Сүхбаатар, Сүхбаатар, Хороо 1",Сүхбаатар,3 долоо хоногийн өмнө,2026-03-03T04:21:49+00:00,plumbing,,https://www.unegui.mn/adv/6365872_bokhir-us-sorno/,no,86887373
10115703,Сантехникийн үйлчилгээ,,Үнэ тохирно,MNT,,"УБ — Сүхбаатар, Сүхбаатар, Хороо 1",Сүхбаатар,3 долоо хоногийн өмнө,2026-03-03T04:21:49+00:00,plumbing,,https://www.unegui.mn/adv/10115703_santekhnikiin-uilchilgee-90550411/,no,90550411
7865879,Халдаг утас сүвлэнэ,1,1₮,MNT,,"УБ — Сүхбаатар, 100 айл",Сүхбаатар,3 долоо хоногийн өмнө,2026-03-03T04:21:49+00:00,plumbing,,https://www.unegui.mn/adv/7865879_khaldag-utas-suvlene/,no,99821519
7865888,Банн солино,,Үнэ тохирно,MNT,,"УБ — Сүхбаатар, 100 айл",Сүхбаатар,3 долоо хоногийн өмнө,2026-03-03T04:21:49+00:00,plumbing,,https://www.unegui.mn/adv/7865888_bann-solino/,no,99821519
7865885,Холигч солино,,Үнэ тохирно,MNT,,"УБ — Сүхбаатар, 100 айл",Сүхбаатар,3 долоо хоногийн өмнө,2026-03-03T04:21:49+00:00,plumbing,,https://www.unegui.mn/adv/7865885_kholigch-solino/,no,99821519
5506811,Hursunduu daragdsan shugam hooloi zasna,500000,"500,000₮",MNT,,"УБ — Сүхбаатар, 100 айл",Сүхбаатар,3 долоо хоногийн өмнө,2026-03-03T04:21:49+00:00,plumbing,,https://www.unegui.mn/adv/5506811_hursunduu-daragdsan-shugam-hooloi-zasna/,no,99821519
5606531,Huldsun shugam hooloi haluun uuraar gesgeene,350000,"350,000₮",MNT,,"УБ — Сүхбаатар, 5-р хороолол",Сүхбаатар,3 долоо хоногийн өмнө,2026-03-03T04:21:49+00:00,plumbing,,https://www.unegui.mn/adv/5606531_huldsun-shugam-hooloi-haluun-uuraar-gesgeene/,no,99821519
5606606,Holigch soline,40000,"40,000₮",MNT,,"УБ — Сүхбаатар, Сүхбаатар, Хороо 1",Сүхбаатар,3 долоо хоногийн өмнө,2026-03-03T04:21:49+00:00,plumbing,,https://www.unegui.mn/adv/5606606_holigch-soline/,no,99821519
6822649,Jorlon bann ugaaltuur solino,,Үнэ тохирно,MNT,,"УБ — Сүхбаатар, Сүхбаатар, Хороо 1",Сүхбаатар,3 долоо хоногийн өмнө,2026-03-03T04:21:49+00:00,plumbing,,https://www.unegui.mn/adv/6822649_jorlon-bann-ugaaltuur-solino/,no,95101617
7027166,Угаалгын машин холбоно,80000,"80,000₮",MNT,,"УБ — Сүхбаатар, Сүхбаатар, Хороо 1",Сүхбаатар,3 долоо хоногийн өмнө,2026-03-03T04:21:49+00:00,plumbing,,https://www.unegui.mn/adv/7027166_ugaalgyn-mashin-kholbono/,no,95101617
7340411,Банн пааландана,250000,"250,000₮",MNT,,"УБ — Сүхбаатар, Бага тойрог",Сүхбаатар,3 долоо хоногийн өмнө,2026-03-03T04:21:49+00:00,plumbing,,https://www.unegui.mn/adv/7340411_bann-paalandana/,no,95101617
5532213,Ugaalgin mashin holbono,80000,"80,000₮",MNT,,"УБ — Сүхбаатар, Сүхбаатар, Хороо 1",Сүхбаатар,3 долоо хоногийн өмнө,2026-03-03T04:21:49+00:00,plumbing,,https://www.unegui.mn/adv/5532213_ugaalgin-mashin/,no,95101617
7839837,Хөлдүүс гаргана,,Үнэ тохирно,MNT,,"УБ — Сүхбаатар, Бага тойрог",Сүхбаатар,3 долоо хоногийн өмнө,2026-03-03T04:21:49+00:00,plumbing,,https://www.unegui.mn/adv/7839837_kholduus-gargana/,no,95101617
4586626,Бохирын бөглөө гаргана,,Үнэ тохирно,MNT,,"УБ — Сүхбаатар, Сүхбаатар, Хороо 1",Сүхбаатар,3 долоо хоногийн өмнө,2026-03-03T04:21:49+00:00,plumbing,,https://www.unegui.mn/adv/4586626_bokhiryn-bogloo-gargana/,no,95101617
9219789,Santehnik ugsralt,,Үнэ тохирно,MNT,,"УБ — Сүхбаатар, Дөлгөөн нуур",Сүхбаатар,3 долоо хоногийн өмнө,2026-03-03T04:21:49+00:00,plumbing,,https://www.unegui.mn/adv/9219789_santehnik-ugsralt/,no,91112291
10056045,Hulduus gargana,,Үнэ тохирно,MNT,,"УБ — Сүхбаатар, 100 айл",Сүхбаатар,1 сарын өмнө,2026-03-03T04:21:49+00:00,plumbing,,https://www.unegui.mn/adv/10056045_hulduus-gargana/,no,88382253
4575358,00n bugluu gargana,,Үнэ тохирно,MNT,,"УБ — Сүхбаатар, Сүхбаатар, Хороо 1",Сүхбаатар,1 сарын өмнө,2026-03-03T04:21:49+00:00,plumbing,,https://www.unegui.mn/adv/4575358_00n-bugluu-gargana/,no,95101617
4647179,Хөлдүү гаргана,,Үнэ тохирно,MNT,,"УБ — Сүхбаатар, Сүхбаатар, Хороо 1",Сүхбаатар,1 сарын өмнө,2026-03-03T04:21:49+00:00,plumbing,,https://www.unegui.mn/adv/4647179_kholduu-gargana/,no,95101617
4234715,Bohirin bugluu gargana,,Үнэ тохирно,MNT,,"УБ — Сүхбаатар, Дарь Эх",Сүхбаатар,1 сарын өмнө,2026-03-03T04:21:49+00:00,plumbing,,https://www.unegui.mn/adv/4234715_bohirin-bugluu-garana/,no,95101617
4659597,Хөлдүүс гаргана,,Үнэ тохирно,MNT,,"УБ — Сүхбаатар, Сүхбаатар, Хороо 1",Сүхбаатар,1 сарын өмнө,2026-03-03T04:21:49+00:00,plumbing,,https://www.unegui.mn/adv/4659597_kholduu-gargana/,no,95101617
10096397,Хөлдсөн шугам уураар гэсгээнэ,,Үнэ тохирно,MNT,,"УБ — Сүхбаатар, Сүхбаатар, Хороо 15",Сүхбаатар,1 сарын өмнө,2026-03-03T04:21:49+00:00,plumbing,,https://www.unegui.mn/adv/10096397_kholdson-shugam-uuraar-gesgeene/,no,88166415
3599527,Уурын тогоогоор гэсгээнэ,,Үнэ тохирно,MNT,,"УБ — Сүхбаатар, Сүхбаатар, Хороо 1",Сүхбаатар,1 сарын өмнө,2026-03-03T04:21:49+00:00,plumbing,,https://www.unegui.mn/adv/3599527_uuryn-togoogoor-gesgeene/,no,88962674
7030360,Ugaalgin mashin holbono,80000,"80,000₮",MNT,,"УБ — Сүхбаатар, Сүхбаатар, Хороо 1",Сүхбаатар,1 сарын өмнө,2026-03-03T04:21:49+00:00,plumbing,,https://www.unegui.mn/adv/7030360_hushig-togtoono/,no,95101617
4731080,Hulduu gargna,,Үнэ тохирно,MNT,,"УБ — Сүхбаатар, Сүхбаатар, Хороо 1",Сүхбаатар,1 сарын өмнө,2026-03-03T04:21:49+00:00,plumbing,,https://www.unegui.mn/adv/4731080_hulduu-gargna/,no,95101617
10050855,Hulduus gargana,,Үнэ тохирно,MNT,,"УБ — Сүхбаатар, 100 айл",Сүхбаатар,1 сарын өмнө,2026-03-03T04:21:49+00:00,plumbing,,https://www.unegui.mn/adv/10050855_hulduus-gargana/,no,88382253
9905572,Haldag utas suwlene,1,1₮,MNT,,"УБ — Сүхбаатар, 100 айл",Сүхбаатар,1 сарын өмнө,2026-03-03T04:21:49+00:00,plumbing,,https://www.unegui.mn/adv/9905572_haldag-utas-suwlene/,no,99769889
9931156,Sangiin ajil hiine,,Үнэ тохирно,MNT,,"УБ — Сүхбаатар, 100 айл",Сүхбаатар,1 сарын өмнө,2026-03-03T04:21:55+00:00,plumbing,,https://www.unegui.mn/adv/9931156_sanguine-ajil-hiine/,no,99769889
2530736,Сантехник гагнуур хийнэ,,Үнэ тохирно,MNT,,"УБ — Сүхбаатар, Сүхбаатар, Хороо 1",Сүхбаатар,1 сарын өмнө,2026-03-03T04:21:55+00:00,plumbing,,https://www.unegui.mn/adv/2530736_khuldsuh-boxir-gesgeene/,no,88962674
9944593,Бохирын хөлдүү бөглөөс гаргана,,Үнэ тохирно,MNT,,"УБ — Сүхбаатар, 100 айл",Сүхбаатар,1 сарын өмнө,2026-03-03T04:21:55+00:00,plumbing,,https://www.unegui.mn/adv/9944593_bokhiryn-kholduu-bogloos-gargana/,no,96111617
10012123,Гүнийн худгийн хөлдүү гаргана,,Үнэ тохирно,MNT,,"УБ — Сүхбаатар, 100 айл",Сүхбаатар,1 сарын өмнө,2026-03-03T04:21:55+00:00,plumbing,,https://www.unegui.mn/adv/10012123_guniin-khudgyn-kholuu-gargana/,no,96111617
9895946,Bann paalandana,300000,"300,000₮",MNT,,"УБ — Сүхбаатар, 100 айл",Сүхбаатар,1 сарын өмнө,2026-03-03T04:21:55+00:00,plumbing,,https://www.unegui.mn/adv/9895946_bann-paalandana/,no,99769889
9021314,Банн суултуур угаалтуур солино,,Үнэ тохирно,MNT,,"УБ — Сүхбаатар, 11-р хороолол",Сүхбаатар,1 сарын өмнө,2026-03-03T04:21:55+00:00,plumbing,,https://www.unegui.mn/adv/9021314_bann-suultuur-ugaaltuur-solino/,no,99769889
8845680,Haldag utas suwlene,,Үнэ тохирно,MNT,,"УБ — Сүхбаатар, 100 айл",Сүхбаатар,1 сарын өмнө,2026-03-03T04:21:55+00:00,plumbing,,https://www.unegui.mn/adv/8845680_haldag-utas-suwlene/,no,99769889
9065358,Bohiriin bugluus gargana bohir sorno hulduu gargana,,Үнэ тохирно,MNT,,"УБ — Сүхбаатар, 11-р хороолол",Сүхбаатар,1 сарын өмнө,2026-03-03T04:21:55+00:00,plumbing,,https://www.unegui.mn/adv/9065358_hulduu-gargana/,no,99769889
5606749,Bohirin bugluus gargana,250000,"250,000₮",MNT,,"УБ — Сүхбаатар, Дөлгөөн нуур",Сүхбаатар,1 сарын өмнө,2026-03-03T04:21:55+00:00,plumbing,,https://www.unegui.mn/adv/5606749_bohirin-bugluus-gargana/,no,99821519
5612189,Bann paalandana,30,30₮,MNT,,"УБ — Сүхбаатар, Сүхбаатар, Хороо 1",Сүхбаатар,1 сарын өмнө,2026-03-03T04:21:55+00:00,plumbing,,https://www.unegui.mn/adv/5612189_bann-paalandana/,no,99821519
5574255,Хөлдсөн шугам хоолой гэсгээнэ,250000,"250,000₮",MNT,,"УБ — Сүхбаатар, 100 айл",Сүхбаатар,1 сарын өмнө,2026-03-03T04:21:55+00:00,plumbing,,https://www.unegui.mn/adv/5574255_kholdson-shugam-khooloi-gesgeene/,no,99821519
4825382,"Бохир цэвэр шугамын септик шийдэл, дуудлагаар оношилгоо, засвар үйлчилгээ",20000,"20,000₮",MNT,,"УБ — Сүхбаатар, Сүхбаатар, Хороо 1",Сүхбаатар,1 сарын өмнө,2026-03-03T04:21:55+00:00,plumbing,,https://www.unegui.mn/adv/4825382_bokhir-tsever-shugmyn-shiidel-zasvar-uilchilgee/,no,99605235
5856487,Bohirin toson bugluus gargana,,Үнэ тохирно,MNT,,"УБ — Сүхбаатар, 100 айл",Сүхбаатар,1 сарын өмнө,2026-03-03T04:21:55+00:00,plumbing,,https://www.unegui.mn/adv/5856487_bohirin-toson-bugluus-gargana/,no,95101617
6790465,00n bugluus gargana,,Үнэ тохирно,MNT,,"УБ — Сүхбаатар, Сүхбаатар, Хороо 1",Сүхбаатар,1 сарын өмнө,2026-03-03T04:21:55+00:00,plumbing,,https://www.unegui.mn/adv/6790465_00n-bugluus-gargana/,no,95101617
10041252,Хөлдүүс гаргана,,Үнэ тохирно,MNT,,"УБ — Сүхбаатар, 100 айл",Сүхбаатар,1 сарын өмнө,2026-03-03T04:21:55+00:00,plumbing,,https://www.unegui.mn/adv/10041252_kholduus-gargana/,no,96111617
5612200,Ugaalgin mashin holbono,20,20₮,MNT,,"УБ — Сүхбаатар, Сүхбаатар, Хороо 1",Сүхбаатар,1 сарын өмнө,2026-03-03T04:21:55+00:00,plumbing,,https://www.unegui.mn/adv/5612200_ugaalgin-mashing-holbono/,no,99821519
5707266,00n bugluu,120000,"120,000₮",MNT,,"УБ — Сүхбаатар, Бага тойрог",Сүхбаатар,1 сарын өмнө,2026-03-03T04:21:55+00:00,plumbing,,https://www.unegui.mn/adv/5707266_00n-bugluu-gargana/,no,99821519
5768540,Bann paalandana,200000,"200,000₮",MNT,,"УБ — Сүхбаатар, Бага тойрог",Сүхбаатар,1 сарын өмнө,2026-03-03T04:21:55+00:00,plumbing,,https://www.unegui.mn/adv/5768540_bann-paalandana/,no,99821519
5812157,Hulduus gargana,,Үнэ тохирно,MNT,,"УБ — Сүхбаатар, Бага тойрог",Сүхбаатар,1 сарын өмнө,2026-03-03T04:21:55+00:00,plumbing,,https://www.unegui.mn/adv/5812157_hulduus-gargana/,no,99821519
10008418,Bohirin bugluu gargana,,Үнэ тохирно,MNT,,"УБ — Сүхбаатар, 100 айл",Сүхбаатар,1 сарын өмнө,2026-03-03T04:21:55+00:00,plumbing,,https://www.unegui.mn/adv/10008418_bohirin-bugluu-gargana/,no,88382253
8732747,Бохирын бөглөө гаргана,,Үнэ тохирно,MNT,,"УБ — Сүхбаатар, 11-р хороолол",Сүхбаатар,1 сарын өмнө,2026-03-03T04:21:55+00:00,plumbing,,https://www.unegui.mn/adv/8732747_bokhiryn-bogloo-gargana/,no,99769889
9024313,Халдаг утас сүвлэнэ,,Үнэ тохирно,MNT,,"УБ — Сүхбаатар, 11-р хороолол",Сүхбаатар,1 сарын өмнө,2026-03-03T04:21:55+00:00,plumbing,,https://www.unegui.mn/adv/9024313_khaldag-utas-suvlene/,no,99769889
7889844,Сантехникийн ажил хийнэ.,1,1₮,MNT,,"УБ — Сүхбаатар, Дарь Эх",Сүхбаатар,1 сарын өмнө,2026-03-03T04:21:55+00:00,plumbing,,https://www.unegui.mn/adv/7889844_santekhnikiin-azhil-khiine/,no,90334671
1420371,Santekhnikiin ajil hiine,1,1₮,MNT,,"УБ — Сүхбаатар, Сүхбаатар, Хороо 1",Сүхбаатар,1 сарын өмнө,2026-03-03T04:21:55+00:00,plumbing,,https://www.unegui.mn/adv/1420371_santekhnik-vilchilgee/,no,95691077
1773163,Ялтсан бойлер угсралт,1,1₮,MNT,,"УБ — Сүхбаатар, Сүхбаатар, Хороо 1",Сүхбаатар,1 сарын өмнө,2026-03-03T04:21:55+00:00,plumbing,,https://www.unegui.mn/adv/1773163_ialtsan-boiller-ugsralt/,no,95691077
1918735,Гадна траншеин,1,1₮,MNT,,"УБ — Сүхбаатар, Сүхбаатар, Хороо 1",Сүхбаатар,1 сарын өмнө,2026-03-03T04:21:55+00:00,plumbing,,https://www.unegui.mn/adv/1918735_gadna-transhein/,no,95691077
2279368,Сантехникийн гагнуур хийнэ,1,1₮,MNT,,"УБ — Сүхбаатар, Сүхбаатар, Хороо 1",Сүхбаатар,1 сарын өмнө,2026-03-03T04:21:55+00:00,plumbing,,https://www.unegui.mn/adv/2279368_santekhnikiin-gagnuur-khiine/,no,95691077
2577415,Ugaalgiin mashin holbono.,1,1₮,MNT,,"УБ — Сүхбаатар, Сүхбаатар, Хороо 1",Сүхбаатар,1 сарын өмнө,2026-03-03T04:21:55+00:00,plumbing,,https://www.unegui.mn/adv/2577415_ugaalgiin-mashin-holbono/,no,95691077
9692205,Bohirin bugluu gargana,,Үнэ тохирно,MNT,,"УБ — Сүхбаатар, 100 айл",Сүхбаатар,1 сарын өмнө,2026-03-03T04:21:55+00:00,plumbing,,https://www.unegui.mn/adv/9692205_bohirin-bugluu-gargana/,no,99821519
5422723,Tsewer bohirin shugam hooloind haldag utas suwlene,250000,"250,000₮",MNT,,"УБ — Сүхбаатар, Сүхбаатар, Хороо 1",Сүхбаатар,1 сарын өмнө,2026-03-03T04:21:55+00:00,plumbing,,https://www.unegui.mn/adv/5422723_tsewer-bohirin-shusam-hooloind-haldag-utas-suwlene/,no,99821519
9692401,00н бөглөө гаргана,,Үнэ тохирно,MNT,,"УБ — Сүхбаатар, 100 айл",Сүхбаатар,1 сарын өмнө,2026-03-03T04:21:55+00:00,plumbing,,https://www.unegui.mn/adv/9692401_00n-bogloo-gargana/,no,99821519
5419104,Toson bugluu haluun uuraar gargana,250000,"250,000₮",MNT,,"УБ — Сүхбаатар, Сүхбаатар, Хороо 1",Сүхбаатар,1 сарын өмнө,2026-03-03T04:21:55+00:00,plumbing,,https://www.unegui.mn/adv/5419104_toson-bugluu-haluun-uuraar-gargana/,no,99821519
9976522,Бохирын хөлдүү бөглөөс уураар гаргана,,Үнэ тохирно,MNT,,"УБ — Сүхбаатар, 100 айл",Сүхбаатар,1 сарын өмнө,2026-03-03T04:21:55+00:00,plumbing,,https://www.unegui.mn/adv/9976522_bokhiryn-kholduu-bogloos-uuraar-gargana/,no,99821519
5040881,00н бөглөө гаргана,150000,"150,000₮",MNT,,"УБ — Сүхбаатар, Бага тойрог",Сүхбаатар,1 сарын өмнө,2026-03-03T04:21:55+00:00,plumbing,,https://www.unegui.mn/adv/5040881_00n-bogloo-gargana/,no,99821519
10012350,Bann paalandana,250000,"250,000₮",MNT,,"УБ — Сүхбаатар, 100 айл",Сүхбаатар,1 сарын өмнө,2026-03-03T04:21:55+00:00,plumbing,,https://www.unegui.mn/adv/10012350_bann-paalandana/,no,88382253
10019409,Hulduu gargana,,Үнэ тохирно,MNT,,"УБ — Сүхбаатар, 100 айл",Сүхбаатар,1 сарын өмнө,2026-03-03T04:21:55+00:00,plumbing,,https://www.unegui.mn/adv/10019409_hulduu-gargana/,no,88382253
9683737,Hulduu gargana,,Үнэ тохирно,MNT,,"УБ — Сүхбаатар, 100 айл",Сүхбаатар,1 сарын өмнө,2026-03-03T04:21:55+00:00,plumbing,,https://www.unegui.mn/adv/9683737_hulduu-gargana/,no,99821519
5636712,Хөлдсөн бохир цэвэр ус гэсгээнэ,,Үнэ тохирно,MNT,,"УБ — Сүхбаатар, Сүхбаатар, Хороо 1",Сүхбаатар,1 сарын өмнө,2026-03-03T04:21:55+00:00,plumbing,,https://www.unegui.mn/adv/5636712_kholdson-bokhir-tsever-us-gesgeene/,no,88962674
4192667,Santehnikiin ajil hiine,1,1₮,MNT,,"УБ — Сүхбаатар, Сүхбаатар, Хороо 1",Сүхбаатар,1 сарын өмнө,2026-03-03T04:21:55+00:00,plumbing,,https://www.unegui.mn/adv/4192667_santehknikiin-ajil-hkiine/,no,85162590
9874403,Ugaalgin mashin holbono,80000,"80,000₮",MNT,,"УБ — Сүхбаатар, 100 айл",Сүхбаатар,1 сарын өмнө,2026-03-03T04:21:55+00:00,plumbing,,https://www.unegui.mn/adv/9874403_ugaalgin-mashin-holbono/,no,99769889
9897027,Ugaalgin mashin holbono,110000,"110,000₮",MNT,,"УБ — Сүхбаатар, 100 айл",Сүхбаатар,1 сарын өмнө,2026-03-03T04:21:55+00:00,plumbing,,https://www.unegui.mn/adv/9897027_ugaalgin-mashin-holbono/,no,99769889
4768725,Угаалтуур суулгана,45000,"45,000₮",MNT,,"УБ — Сүхбаатар, Сүхбаатар, Хороо 1",Сүхбаатар,1 сарын өмнө,2026-03-03T04:21:55+00:00,plumbing,,https://www.unegui.mn/adv/4768725_ugaaltuur-suulgana/,no,95101617
4768702,Холигч солино,40000,"40,000₮",MNT,,"УБ — Сүхбаатар, Сүхбаатар, Хороо 1",Сүхбаатар,1 сарын өмнө,2026-03-03T04:21:55+00:00,plumbing,,https://www.unegui.mn/adv/4768702_kholigch-solino/,no,95101617
9905607,Toson bugluu gargana,,Үнэ тохирно,MNT,,"УБ — Сүхбаатар, 100 айл",Сүхбаатар,1 сарын өмнө,2026-03-03T04:21:55+00:00,plumbing,,https://www.unegui.mn/adv/9905607_toson-bugluu-gargana/,no,99769889
9905612,Hulduu gargana,25000,"25,000₮",MNT,,"УБ — Сүхбаатар, 100 айл",Сүхбаатар,1 сарын өмнө,2026-03-03T04:21:55+00:00,plumbing,,https://www.unegui.mn/adv/9905612_hulduu-gargana/,no,99769889
9910715,Нanan piishin huulnu,250000,"250,000₮",MNT,,"УБ — Сүхбаатар, 100 айл",Сүхбаатар,1 сарын өмнө,2026-03-03T04:21:55+00:00,plumbing,,https://www.unegui.mn/adv/9910715_hanan-piishin-huulnu/,no,99769889
9923341,Бохирын шугам хоолой солих ажил хийнэ,,Үнэ тохирно,MNT,,"УБ — Сүхбаатар, 100 айл",Сүхбаатар,1 сарын өмнө,2026-03-03T04:21:55+00:00,plumbing,,https://www.unegui.mn/adv/9923341_bokhiryn-shugam-khooloi-solikh-azhil-khiine/,no,99769889
6831183,24цагаар сантехникийн ажил дуудлагаар хийнэ,,Үнэ тохирно,MNT,,"УБ — Сүхбаатар, Сүхбаатар, Хороо 1",Сүхбаатар,1 сарын өмнө,2026-03-03T04:21:55+00:00,plumbing,,https://www.unegui.mn/adv/6831183_24tsagaar-santekhnikiin-azhil-duudalgaar-khiine/,no,91116338
4529716,Банн пааландана,,Үнэ тохирно,MNT,,"УБ — Сүхбаатар, Сүхбаатар, Хороо 1",Сүхбаатар,1 сарын өмнө,2026-03-03T04:21:55+00:00,plumbing,,https://www.unegui.mn/adv/4529716_bann-paalandana/,no,95101617
4290764,Gadna bolon dotor shugamiin ajil hiine,1,1₮,MNT,,"УБ — Сүхбаатар, Сүхбаатар, Хороо 1",Сүхбаатар,1 сарын өмнө,2026-03-03T04:21:55+00:00,plumbing,,https://www.unegui.mn/adv/4290764_sangiin-gadna-dodor-shugamiin-ajil-hiine/,no,89777277
3561790,Sangiin gagnuur duudlagaar hiine,10000,"10,000₮",MNT,,"УБ — Сүхбаатар, Сүхбаатар, Хороо 1",Сүхбаатар,1 сарын өмнө,2026-03-03T04:21:55+00:00,plumbing,,https://www.unegui.mn/adv/3561790_sangiin-gagnuur-duudlagaar-hiine/,no,89777277
4690151,Ugaalgin mashin holbono,60000,"60,000₮",MNT,,"УБ — Сүхбаатар, Сүхбаатар, Хороо 1",Сүхбаатар,1 сарын өмнө,2026-03-03T04:21:55+00:00,plumbing,,https://www.unegui.mn/adv/4690151_ugaalgin-mashin-holbono/,no,95101617
8384933,Сантехникийн ажил хийж гүйцэтгэнэ.,,Үнэ тохирно,MNT,,"УБ — Сүхбаатар, Сүхбаатар, Хороо 4",Сүхбаатар,2 сарын өмнө,2026-03-03T04:21:55+00:00,plumbing,,https://www.unegui.mn/adv/8384933_santekhnikiin-azhil-khiizh-guitsetgene/,no,99013806
4828262,Бохир сорно,,Үнэ тохирно,MNT,,"УБ — Сүхбаатар, Сүхбаатар, Хороо 1",Сүхбаатар,2 сарын өмнө,2026-03-03T04:21:55+00:00,plumbing,,https://www.unegui.mn/adv/4828262_bokhir-sorno/,no,95101617
5532122,00n bugluu gargana,80000,"80,000₮",MNT,,"УБ — Сүхбаатар, Сүхбаатар, Хороо 1",Сүхбаатар,2 сарын өмнө,2026-03-03T04:21:55+00:00,plumbing,,https://www.unegui.mn/adv/5532122_00n-bugluu-gargana/,no,95101617
5856493,Haldag utas suwlene,,Үнэ тохирно,MNT,,"УБ — Сүхбаатар, Сүхбаатар, Хороо 1",Сүхбаатар,2 сарын өмнө,2026-03-03T04:21:55+00:00,plumbing,,https://www.unegui.mn/adv/5856493_haldag-utas-suwlene/,no,95101617
4551888,Huldsun shugam hooloi gesgeene,,Үнэ тохирно,MNT,,"УБ — Сүхбаатар, Сүхбаатар, Хороо 1",Сүхбаатар,2 сарын өмнө,2026-03-03T04:21:55+00:00,plumbing,,https://www.unegui.mn/adv/4551888_huldsun-shugam-hooloi-gesgeene/,no,95101617
4690030,Ugaalgin mashin holbono,,Үнэ тохирно,MNT,,"УБ — Сүхбаатар, Сүхбаатар, Хороо 1",Сүхбаатар,2 сарын өмнө,2026-03-03T04:21:55+00:00,plumbing,,https://www.unegui.mn/adv/4690030_ugaalgin-mashin-holbono/,no,95101617
4663541,Угаалгын машин холбоно,,Үнэ тохирно,MNT,,"УБ — Сүхбаатар, Сүхбаатар, Хороо 1",Сүхбаатар,2 сарын өмнө,2026-03-03T04:21:55+00:00,plumbing,,https://www.unegui.mn/adv/4663541_ugaalgyn-mashin-kholbono/,no,95101617
8875576,Сангийн ажил хийнэ,13500,"13,500₮",MNT,,"УБ — Сүхбаатар, 2-р сургууль",Сүхбаатар,2 сарын өмнө,2026-03-03T04:21:55+00:00,plumbing,,https://www.unegui.mn/adv/8875576_sangiin-azhil-khiine/,no,80902154
9021236,Банны бөглөө гаргана,,Үнэ тохирно,MNT,,"УБ — Сүхбаатар, 11-р хороолол",Сүхбаатар,2 сарын өмнө,2026-03-03T04:21:59+00:00,plumbing,,https://www.unegui.mn/adv/9021236_banny-bogloo-gargana/,no,99769889
9874401,00n bugluus gargana,,Үнэ тохирно,MNT,,"УБ — Сүхбаатар, 100 айл",Сүхбаатар,2 сарын өмнө,2026-03-03T04:21:59+00:00,plumbing,,https://www.unegui.mn/adv/9874401_00n-bugluus-gargana/,no,99769889
8778029,Банн пааландана,300000,"300,000₮",MNT,,"УБ — Сүхбаатар, 100 айл",Сүхбаатар,2 сарын өмнө,2026-03-03T04:21:59+00:00,plumbing,,https://www.unegui.mn/adv/8778029_bann-paalandana/,no,99769889
7474483,Сантехникийн бүх төрлийн ажил хийнэ,1,1₮,MNT,,"УБ — Сүхбаатар, Сүхбаатар, Хороо 1",Сүхбаатар,2 сарын өмнө,2026-03-03T04:21:59+00:00,plumbing,,https://www.unegui.mn/adv/7474483_santekhnikiin-bukh-torliin-azhil-khiine/,no,96162221
4547617,Бохирын бөглөө гаргана,,Үнэ тохирно,MNT,,"УБ — Сүхбаатар, Сүхбаатар, Хороо 1",Сүхбаатар,2 сарын өмнө,2026-03-03T04:21:59+00:00,plumbing,,https://www.unegui.mn/adv/4547617_bokhiryn-bogloo-gargana/,no,95101617
3515223,Бохирын худаг угаана бөглөөс гаргана,1,1₮,MNT,,"УБ — Сүхбаатар, Сүхбаатар, Хороо 1",Сүхбаатар,2 сарын өмнө,2026-03-03T04:21:59+00:00,plumbing,,https://www.unegui.mn/adv/3515223_guniin-khudga-ugaana-bogloos-gargana-bokhiryn/,no,91716490
8749770,Bann paalandana,300000,"300,000₮",MNT,,"УБ — Сүхбаатар, 100 айл",Сүхбаатар,2 сарын өмнө,2026-03-03T04:21:59+00:00,plumbing,,https://www.unegui.mn/adv/8749770_bann-paalandana/,no,99769889
3691168,Хөлдөж бөглөрсөн хоолой гэсгээнэ,1,1₮,MNT,,"УБ — Сүхбаатар, Сүхбаатар, Хороо 1",Сүхбаатар,2 сарын өмнө,2026-03-03T04:21:59+00:00,plumbing,,https://www.unegui.mn/adv/3691168_kholdozh-boglorson-khooloi-gesgeene/,no,88962674
4664896,Угаалгын машин холбоно,60000,"60,000₮",MNT,,"УБ — Сүхбаатар, Сүхбаатар, Хороо 1",Сүхбаатар,2 сарын өмнө,2026-03-03T04:21:59+00:00,plumbing,,https://www.unegui.mn/adv/4664896_ugaalgyn-mashin-kholbono/,no,95101617
4588732,Паар угаана,,Үнэ тохирно,MNT,,"УБ — Сүхбаатар, Сүхбаатар, Хороо 1",Сүхбаатар,2 сарын өмнө,2026-03-03T04:21:59+00:00,plumbing,,https://www.unegui.mn/adv/4588732_paar-ugaana/,no,95101617
4589006,Халдаг утас сүвлэнэ,,Үнэ тохирно,MNT,,"УБ — Сүхбаатар, Сүхбаатар, Хороо 1",Сүхбаатар,2 сарын өмнө,2026-03-03T04:21:59+00:00,plumbing,,https://www.unegui.mn/adv/4589006_khaldag-utas-suvlene/,no,95101617
5780493,Bohirin huldsun bugluus gargana,20,20₮,MNT,,"УБ — Сүхбаатар, Сүхбаатар, Хороо 1",Сүхбаатар,2 сарын өмнө,2026-03-03T04:21:59+00:00,plumbing,,https://www.unegui.mn/adv/5780493_bohirin-huldsun-bugluus-gargana/,no,95101617
4846743,Угаалгын машин холбоно,60000,"60,000₮",MNT,,"УБ — Сүхбаатар, Сүхбаатар, Хороо 1",Сүхбаатар,2 сарын өмнө,2026-03-03T04:21:59+00:00,plumbing,,https://www.unegui.mn/adv/4846743_ugaalgyn-mashin-kholbono/,no,95101617
7748897,Ugaalgin mashin holbono,,Үнэ тохирно,MNT,,"УБ — Сүхбаатар, 11-р хороолол",Сүхбаатар,2 сарын өмнө,2026-03-03T04:21:59+00:00,plumbing,,https://www.unegui.mn/adv/7748897_ugaalgin-mashin-holbono/,no,95101617
7738016,Ugaalgiin mashin holbono,1,1₮,MNT,,"УБ — Сүхбаатар, 11-р хороолол",Сүхбаатар,2 сарын өмнө,2026-03-03T04:21:59+00:00,plumbing,,https://www.unegui.mn/adv/7738016_ugaalnii-mashin-holbno/,no,95101617
4629949,Бохирын хөлдүү гаргана,25000,"25,000₮",MNT,,"УБ — Сүхбаатар, Сүхбаатар, Хороо 1",Сүхбаатар,2 сарын өмнө,2026-03-03T04:21:59+00:00,plumbing,,https://www.unegui.mn/adv/4629949_bokhiryn-kholduu-gargana/,no,95101617
5692548,Бохир ус сорно,,Үнэ тохирно,MNT,,"УБ — Сүхбаатар, Сүхбаатар, Хороо 1",Сүхбаатар,2 сарын өмнө,2026-03-03T04:21:59+00:00,plumbing,,https://www.unegui.mn/adv/5692548_bokhir-us-sorno-e-barimt-olgono/,no,99196855
9452798,Бохирын шугамны бөглөөс гаргана,20000,"20,000₮",MNT,,"УБ — Сүхбаатар, 100 айл",Сүхбаатар,2 сарын өмнө,2026-03-03T04:21:59+00:00,plumbing,,https://www.unegui.mn/adv/9452798_bokhiryn-shugamny-bogloos-gargana/,no,88001625
9300248,Бохир сорно,,Үнэ тохирно,MNT,,"УБ — Сүхбаатар, 100 айл",Сүхбаатар,2 сарын өмнө,2026-03-03T04:21:59+00:00,plumbing,,https://www.unegui.mn/adv/9300248_bokhir-sorno/,no,88001625
6903064,Bohirin hulduus gargana,25000,"25,000₮",MNT,,"УБ — Сүхбаатар, Сүхбаатар, Хороо 1",Сүхбаатар,2 сарын өмнө,2026-03-03T04:21:59+00:00,plumbing,,https://www.unegui.mn/adv/6903064_bohirin-hulduus-gargana/,no,95101617
9895966,Gal togooni ugaaltuuriin toson bugluu gargana,350000,"350,000₮",MNT,,"УБ — Сүхбаатар, 100 айл",Сүхбаатар,2 сарын өмнө,2026-03-03T04:21:59+00:00,plumbing,,https://www.unegui.mn/adv/9895966_gal-togooni-ugaaltuuriin-toson-bugluu-gargana/,no,99769889
5882268,Ugaalgin mashin holbono,80000,"80,000₮",MNT,,"УБ — Сүхбаатар, Сүхбаатар, Хороо 1",Сүхбаатар,2 сарын өмнө,2026-03-03T04:21:59+00:00,plumbing,,https://www.unegui.mn/adv/5882268_ugaalgin-mashin-holbono/,no,95101617
4672462,Угаалтуур суулгана,,Үнэ тохирно,MNT,,"УБ — Сүхбаатар, Сүхбаатар, Хороо 1",Сүхбаатар,2 сарын өмнө,2026-03-03T04:21:59+00:00,plumbing,,https://www.unegui.mn/adv/4672462_ugaaltuur-suulgana/,no,95101617
6604730,Bohirin bugluus gargana,350900,"350,900₮",MNT,,"УБ — Сүхбаатар, Сүхбаатар, Хороо 1",Сүхбаатар,2 сарын өмнө,2026-03-03T04:21:59+00:00,plumbing,,https://www.unegui.mn/adv/6604730_bohirin-bugluus-gargana/,no,95101617
5773651,Цэвэр бохирын шугамын хөлдүүс уураар гаргана ариутгал хийнэ,200000,"200,000₮",MNT,,"УБ — Сүхбаатар, 5-р хороолол",Сүхбаатар,2 сарын өмнө,2026-03-03T04:21:59+00:00,plumbing,,https://www.unegui.mn/adv/5773651_tsever-bokhiryn-shugamyn-kholduus-uuraar-gargana/,no,91716490
5856480,Ugaalgin mashing holbono,1,1₮,MNT,,"УБ — Сүхбаатар, Сүхбаатар, Хороо 1",Сүхбаатар,2 сарын өмнө,2026-03-03T04:21:59+00:00,plumbing,,https://www.unegui.mn/adv/5856480_bohirin-bugluus-gargana-bohur-sorno/,no,95101617
8806058,Тосон бөглөө гаргана,,Үнэ тохирно,MNT,,"УБ — Сүхбаатар, 100 айл",Сүхбаатар,2 сарын өмнө,2026-03-03T04:21:59+00:00,plumbing,,https://www.unegui.mn/adv/8806058_toson-bogloo-gargana/,no,99769889
9865770,Бохирын шугамын бөглөөс гаргана,,Үнэ тохирно,MNT,,"УБ — Сүхбаатар, 100 айл",Сүхбаатар,2 сарын өмнө,2026-03-03T04:21:59+00:00,plumbing,,https://www.unegui.mn/adv/9865770_bokhiryn-shugamyn-bogloos-gargana/,no,99769889
4561566,Bohirin bugluu gargana,,Үнэ тохирно,MNT,,"УБ — Сүхбаатар, 100 айл",Сүхбаатар,2 сарын өмнө,2026-03-03T04:21:59+00:00,plumbing,,https://www.unegui.mn/adv/4561566_bohirin-bugluu-gargana/,no,95101617
4672796,Нам даралт халаалт засна,1,1₮,MNT,,"УБ — Сүхбаатар, Сүхбаатар, Хороо 1",Сүхбаатар,2 сарын өмнө,2026-03-03T04:21:59+00:00,plumbing,,https://www.unegui.mn/adv/4672796_nam-daralt-khalaalt-zasna/,no,95101617
4779013,Ugaalgin mashin holbono,,Үнэ тохирно,MNT,,"УБ — Сүхбаатар, Сүхбаатар, Хороо 1",Сүхбаатар,2 сарын өмнө,2026-03-03T04:21:59+00:00,plumbing,,https://www.unegui.mn/adv/4779013_ugaalgin-mashin-holbono/,no,95101617
7857230,Хөлдүүс гаргана,,Үнэ тохирно,MNT,,"УБ — Сүхбаатар, 100 айл",Сүхбаатар,2 сарын өмнө,2026-03-03T04:21:59+00:00,plumbing,,https://www.unegui.mn/adv/7857230_kholduus-gargana/,no,95101617
6790556,Hulduus gargana,,Үнэ тохирно,MNT,,"УБ — Сүхбаатар, Сүхбаатар, Хороо 1",Сүхбаатар,2 сарын өмнө,2026-03-03T04:21:59+00:00,plumbing,,https://www.unegui.mn/adv/6790556_hulduus-gargana/,no,95101617
8782776,Bann paalandana,250000,"250,000₮",MNT,,"УБ — Сүхбаатар, 100 айл",Сүхбаатар,2 сарын өмнө,2026-03-03T04:21:59+00:00,plumbing,,https://www.unegui.mn/adv/8782776_bann-paalandana/,no,99769889
9498170,Bohiriin bugluus gargana,,Үнэ тохирно,MNT,,"УБ — Сүхбаатар, 100 айл",Сүхбаатар,3 сарын өмнө,2026-03-03T04:21:59+00:00,plumbing,,https://www.unegui.mn/adv/9498170_bohiriin-bugluus-gargana/,no,99769889
9874409,Bann solino,,Үнэ тохирно,MNT,,"УБ — Сүхбаатар, 100 айл",Сүхбаатар,3 сарын өмнө,2026-03-03T04:21:59+00:00,plumbing,,https://www.unegui.mn/adv/9874409_bann-solino/,no,99769889
9895808,Ugaalgin mashin holbono,,Үнэ тохирно,MNT,,"УБ — Сүхбаатар, 100 айл",Сүхбаатар,3 сарын өмнө,2026-03-03T04:21:59+00:00,plumbing,,https://www.unegui.mn/adv/9895808_ugaalgin-mashin-holbono/,no,99769889
4094881,Гүний худгийн хөлдүүг халуун уураар гаргана,,Үнэ тохирно,MNT,,"УБ — Сүхбаатар, 100 айл",Сүхбаатар,3 сарын өмнө,2026-03-03T04:21:59+00:00,plumbing,,https://www.unegui.mn/adv/4094881_gunii-khudagyn-kholduug-khaluun-uuraar-gargana/,no,95101617
9937861,Сангийн ажил хийнэ,1,1₮,MNT,,"УБ — Сүхбаатар, Сүхбаатар, Хороо 6",Сүхбаатар,3 сарын өмнө,2026-03-03T04:21:59+00:00,plumbing,,https://www.unegui.mn/adv/9937861_sangiin-azhil-khiine/,no,88003556
6813938,Ugaalgin mashin holbono,100000,"100,000₮",MNT,,"УБ — Сүхбаатар, Сүхбаатар, Хороо 1",Сүхбаатар,3 сарын өмнө,2026-03-03T04:21:59+00:00,plumbing,,https://www.unegui.mn/adv/6813938_ugaalgin-mashin-holbono/,no,95101617
8781026,Haldag utas suwlene,,Үнэ тохирно,MNT,,"УБ — Сүхбаатар, 100 айл",Сүхбаатар,3 сарын өмнө,2026-03-03T04:21:59+00:00,plumbing,,https://www.unegui.mn/adv/8781026_haldag-utas-suwlene/,no,99769889
8780778,00 n bugluu,,Үнэ тохирно,MNT,,"УБ — Сүхбаатар, 100 айл",Сүхбаатар,3 сарын өмнө,2026-03-03T04:21:59+00:00,plumbing,,https://www.unegui.mn/adv/8780778_00-n-bugluu-gargana/,no,99769889
4567491,Haldag utas sublne,,Үнэ тохирно,MNT,,"УБ — Сүхбаатар, Сүхбаатар, Хороо 1",Сүхбаатар,3 сарын өмнө,2026-03-03T04:21:59+00:00,plumbing,,https://www.unegui.mn/adv/4567491_haldag-utas-sublne/,no,95101617
6822564,Bann paalandana,250000,"250,000₮",MNT,,"УБ — Сүхбаатар, Сүхбаатар, Хороо 1",Сүхбаатар,3 сарын өмнө,2026-03-03T04:21:59+00:00,plumbing,,https://www.unegui.mn/adv/6822564_bann-paalandana/,no,95101617
5835491,Угаалгын машин холбоно,60000,"60,000₮",MNT,,"УБ — Сүхбаатар, Сүхбаатар, Хороо 1",Сүхбаатар,3 сарын өмнө,2026-03-03T04:21:59+00:00,plumbing,,https://www.unegui.mn/adv/5835491_ugaalgyn-mashin-kholbono/,no,95101617
9834832,Бохирын хөлдүү бөглөөс гаргана,,Үнэ тохирно,MNT,,"УБ — Сүхбаатар, 100 айл",Сүхбаатар,3 сарын өмнө,2026-03-03T04:21:59+00:00,plumbing,,https://www.unegui.mn/adv/9834832_bokhiryn-kholduu-bogloos-gargana/,no,99769889
9216191,"Сантехник, гагнуурын үйлчилгээ",100000,"100,000₮",MNT,,"УБ — Сүхбаатар, Сүхбаатар, Хороо 1",Сүхбаатар,3 сарын өмнө,2026-03-03T04:21:59+00:00,plumbing,,https://www.unegui.mn/adv/9216191_santekhnik-gagnuuryn-uilchilgee/,no,91015755
4667832,Haldag utas suwlene,120000,"120,000₮",MNT,,"УБ — Сүхбаатар, Сүхбаатар, Хороо 1",Сүхбаатар,3 сарын өмнө,2026-03-03T04:21:59+00:00,plumbing,,https://www.unegui.mn/adv/4667832_haldag-utas-suwlene/,no,95101617
5266049,Bohirin hudag sentig tawina,1,1₮,MNT,,"УБ — Сүхбаатар, Сүхбаатар, Хороо 1",Сүхбаатар,3 сарын өмнө,2026-03-03T04:21:59+00:00,plumbing,,https://www.unegui.mn/adv/5266049_bohirin-hudag-sentig-tawina/,no,95101617
7012327,Ugaalgin mashin holbono,1,1₮,MNT,,"УБ — Сүхбаатар, Сүхбаатар, Хороо 1",Сүхбаатар,3 сарын өмнө,2026-03-03T04:21:59+00:00,plumbing,,https://www.unegui.mn/adv/7012327_ugaalgin-mashin-holbono/,no,95101617
6872294,Ugaaltuur suulgana,2560,"2,560₮",MNT,,"УБ — Сүхбаатар, Сүхбаатар, Хороо 1",Сүхбаатар,3 сарын өмнө,2026-03-03T04:21:59+00:00,plumbing,,https://www.unegui.mn/adv/6872294_ugaaltuur-suulgana/,no,95101617
9391511,00 n bugluu gargana,150000,"150,000₮",MNT,,"УБ — Сүхбаатар, 100 айл",Сүхбаатар,3 сарын өмнө,2026-03-03T04:21:59+00:00,plumbing,,https://www.unegui.mn/adv/9391511_00-n-bugluu-gargana/,no,99769889
9416792,Сангийн ажил хийнэ,,Үнэ тохирно,MNT,,"УБ — Сүхбаатар, 100 айл",Сүхбаатар,3 сарын өмнө,2026-03-03T04:21:59+00:00,plumbing,,https://www.unegui.mn/adv/9416792_sangiin-azhil-khiine/,no,99769889
9825803,Бохир ус сорно бөглөө гаргана хөлдүүс гаргана,,Үнэ тохирно,MNT,,"УБ — Сүхбаатар, 100 айл",Сүхбаатар,3 сарын өмнө,2026-03-03T04:21:59+00:00,plumbing,,https://www.unegui.mn/adv/9825803_bokhir-us-sorno-bogloo-gargana-kholduus-gargana/,no,88191413
5794236,Ugaalgin mashin holbono,1,1₮,MNT,,"УБ — Сүхбаатар, Сүхбаатар, Хороо 1",Сүхбаатар,3 сарын өмнө,2026-03-03T04:21:59+00:00,plumbing,,https://www.unegui.mn/adv/5794236_ugaalgin-mashin-holbono/,no,95101617
5794237,00n bugluu gargana,,Үнэ тохирно,MNT,,"УБ — Сүхбаатар, Сүхбаатар, Хороо 1",Сүхбаатар,3 сарын өмнө,2026-03-03T04:21:59+00:00,plumbing,,https://www.unegui.mn/adv/5794237_00n-bugluu-gargana/,no,95101617
4857368,Бохир сорно,,Үнэ тохирно,MNT,,"УБ — Сүхбаатар, Сүхбаатар, Хороо 1",Сүхбаатар,3 сарын өмнө,2026-03-03T04:21:59+00:00,plumbing,,https://www.unegui.mn/adv/4857368_bokhir-sorno/,no,95101617
4588937,Xuldsun shugam hooloig gesgeene,,Үнэ тохирно,MNT,,"УБ — Сүхбаатар, Сүхбаатар, Хороо 1",Сүхбаатар,3 сарын өмнө,2026-03-03T04:21:59+00:00,plumbing,,https://www.unegui.mn/adv/4588937_xuldsun-shugam-hooloig-gesgeene/,no,95101617
6598216,Haldag utas suwlene,25000,"25,000₮",MNT,,"УБ — Сүхбаатар, Сүхбаатар, Хороо 1",Сүхбаатар,3 сарын өмнө,2026-03-03T04:21:59+00:00,plumbing,,https://www.unegui.mn/adv/6598216_haldag-utas-suwlne/,no,95101617
4575284,Huldsun shugam hooloi gesgeene,,Үнэ тохирно,MNT,,"УБ — Сүхбаатар, Сүхбаатар, Хороо 1",Сүхбаатар,3 сарын өмнө,2026-03-03T04:21:59+00:00,plumbing,,https://www.unegui.mn/adv/4575284_huldsun-shugam-hooloi-gesgeene/,no,95101617
